business_id,state,district,treatment,sector,business_age_years,owner_education,loan_access_baseline,employees_baseline,baseline_revenue_inr,endline_revenue_inr,survey_date,endline_revenue_missing,revenue_growth_rate,log_baseline_revenue,log_endline_revenue,edu_No formal education,edu_Primary,edu_Secondary,edu_Unknown,state_Gujarat,state_Maharashtra,state_Rajasthan,state_Uttar Pradesh
MSME0001,Rajasthan,Ajmer,1,Retail,1,Primary,0,14.0,39671.66,43044.83,2023-03-21,0,0.08502719573620054,10.58839235785598,10.66999740972893,False,True,False,False,False,False,True,False
MSME0002,Uttar Pradesh,Agra,1,Services,14,Primary,1,10.0,49137.08,58899.11,,0,0.19866931449732053,10.802369222250187,10.983581259168979,False,True,False,False,False,False,False,True
MSME0003,Maharashtra,Pune,1,Manufacturing,5,Graduate,1,11.0,21146.1,25124.13,2023-04-16,0,0.1881212138408502,9.959210770308056,10.13158401789618,False,False,False,False,False,True,False,False
MSME0004,Bihar,Muzaffarpur,1,Manufacturing,11,Primary,1,6.0,55172.63,64348.01,,0,0.16630311079968466,10.918222275965856,11.072061287915172,False,True,False,False,False,False,False,False
MSME0005,Gujarat,Surat,1,Retail,16,Graduate,0,14.0,10458.75,10663.16,,0,0.01954440062148917,9.255194227609808,9.274550089063627,False,False,False,False,True,False,False,False
MSME0006,Gujarat,Surat,0,Retail,2,Primary,0,9.0,8454.69,9494.42,,0,0.12297671469917874,9.042476595965068,9.158459536599171,False,True,False,False,True,False,False,False
MSME0008,Uttar Pradesh,Agra,1,Agri-Processing,11,Primary,0,8.0,24356.7,28034.93,2023-11-03,0,0.15101512109604337,10.100562244666921,10.241206511675754,False,True,False,False,False,False,False,True
MSME0009,Gujarat,Surat,0,Retail,18,Secondary,1,5.0,19877.85,17797.92,,0,-0.10463556169304027,9.897361325468692,9.78683687551964,False,False,True,False,True,False,False,False
MSME0010,Maharashtra,Nagpur,0,Agri-Processing,3,No formal education,1,1.0,68285.48,68484.21,,0,0.002910281951595134,11.13145243145005,11.13435848672968,True,False,False,False,False,True,False,False
MSME0012,Maharashtra,Nashik,0,Manufacturing,11,Graduate,1,1.0,45193.16,42412.93,,0,-0.06151882275990444,10.718701026935543,10.655208547561575,False,False,False,False,False,True,False,False
MSME0013,Rajasthan,Ajmer,0,Manufacturing,16,No formal education,0,8.0,69608.17,68710.93,2023-10-02,0,-0.012889866232656385,11.150637224490895,11.137663563081244,True,False,False,False,False,False,True,False
MSME0014,Uttar Pradesh,Agra,1,Retail,18,Secondary,0,5.0,20972.03,24939.41,2022-08-13,0,0.1891748199864296,9.950944924170134,10.124204562177939,False,False,True,False,False,False,False,True
MSME0015,Gujarat,Vadodara,1,Retail,16,Secondary,0,3.0,46094.17,59385.45,2023-07-11,0,0.2883505658090817,10.738441756779224,10.991804525850759,False,False,True,False,True,False,False,False
MSME0016,Uttar Pradesh,Agra,1,Services,10,Primary,1,11.0,80946.36,100306.61,,0,0.23917381831622817,11.301541992066367,11.515986874071686,False,True,False,False,False,False,False,True
MSME0017,Uttar Pradesh,Agra,1,Retail,18,Secondary,0,7.0,13486.84,16776.82,,0,0.24394001856624675,9.509469674170742,9.727753450738653,False,False,True,False,False,False,False,True
MSME0018,Uttar Pradesh,Lucknow,1,Agri-Processing,6,Primary,1,7.0,37044.75,40785.49,2023-02-18,0,0.1009789511334264,10.519881920278923,10.616081659883426,False,True,False,False,False,False,False,True
MSME0019,Uttar Pradesh,Agra,0,Manufacturing,19,Secondary,1,9.0,21044.04,21889.84,2023-07-09,0,0.04019190231533485,9.954372663628211,9.993777881216555,False,False,True,False,False,False,False,True
MSME0020,Maharashtra,Nagpur,1,Retail,4,Primary,0,7.0,14191.64,15142.11,2023-09-07,0,0.0669739367684074,9.56040833782402,9.62523488319901,False,True,False,False,False,True,False,False
MSME0021,Rajasthan,Jodhpur,1,Services,13,Unknown,0,13.0,10623.66,13250.2,,0,0.24723494539546642,9.27083886819206,9.491767925640072,False,False,False,True,False,False,True,False
MSME0022,Bihar,Gaya,0,Retail,14,Unknown,1,11.0,14009.36,15622.15,,0,0.11512231822153182,9.547480956631654,9.6564450579677,False,False,False,True,False,False,False,False
MSME0023,Uttar Pradesh,Kanpur,0,Manufacturing,3,Secondary,0,14.0,38102.04,40210.47,,0,0.05533640718449721,10.548023102988488,10.601882688457676,False,False,True,False,False,False,False,True
MSME0024,Gujarat,Rajkot,1,Services,10,No formal education,1,3.0,10009.85,,2022-10-11,1,,9.211324887182005,,True,False,False,False,True,False,False,False
MSME0025,Uttar Pradesh,Agra,1,Agri-Processing,6,Primary,1,11.0,23374.91,,2022-06-13,1,,10.059418503882096,,False,True,False,False,False,False,False,True
MSME0026,Gujarat,Vadodara,1,Services,1,Primary,0,13.0,69602.48,94502.73,,0,0.3577494652489394,11.150555477871608,11.456384001953447,False,True,False,False,True,False,False,False
MSME0027,Maharashtra,Nagpur,0,Services,14,No formal education,0,14.0,52010.91,50186.83,2022-01-16,0,-0.03507110335120077,10.859208783249317,10.823507920662273,True,False,False,False,False,True,False,False
MSME0028,Gujarat,Rajkot,1,Services,8,Graduate,1,13.0,23756.08,30188.03,,0,0.2707496354617427,10.075593776700378,10.315200767176625,False,False,False,False,True,False,False,False
MSME0029,Bihar,Gaya,1,Agri-Processing,19,Primary,1,1.0,140330.04,166848.56,2023-03-22,0,0.1889725108038164,11.851752355787541,12.024841853635834,False,True,False,False,False,False,False,False
MSME0030,Rajasthan,Jaipur,0,Retail,14,Graduate,0,8.0,165120.23,159602.96,2023-09-06,0,-0.03341365258514973,12.014429154200721,11.980444510191779,False,False,False,False,False,False,True,False
MSME0032,Gujarat,Vadodara,0,Retail,17,Secondary,0,3.0,5040.02,5146.67,2022-03-01,0,0.021160630314958993,8.525165329311509,8.546105182578842,False,False,True,False,True,False,False,False
MSME0033,Rajasthan,Jaipur,0,Retail,9,No formal education,1,12.0,73803.29,,2022-12-23,1,,11.209158589540706,,True,False,False,False,False,False,True,False
MSME0034,Bihar,Patna,1,Services,6,Primary,1,8.0,5795.4,7868.71,2022-09-24,0,0.3577509749111365,8.664819778413305,8.970649414380214,False,True,False,False,False,False,False,False
MSME0035,Uttar Pradesh,Agra,0,Services,11,Secondary,1,8.0,118292.65,108117.2,,0,-0.08601929198475136,11.680916917858804,11.590971102903733,False,False,True,False,False,False,False,True
MSME0036,Gujarat,Rajkot,1,Manufacturing,7,Primary,0,13.0,86410.8,122176.09,,0,0.41389837844343524,11.366867946980298,11.71321864372737,False,True,False,False,True,False,False,False
MSME0037,Rajasthan,Jaipur,0,Retail,17,No formal education,0,5.0,150146.99,155834.71,,0,0.03788101246651699,11.919370026590494,11.956551173228346,True,False,False,False,False,False,True,False
MSME0038,Maharashtra,Pune,1,Services,1,Secondary,1,13.0,44721.63,53373.04,2022-07-26,0,0.19345023873235398,10.70821255618083,10.885061028545206,False,False,True,False,False,True,False,False
MSME0039,Rajasthan,Ajmer,0,Retail,5,Graduate,0,12.0,27197.8,25584.77,2022-06-20,0,-0.059307370449080396,10.210891366659993,10.149752531556416,False,False,False,False,False,False,True,False
MSME0040,Maharashtra,Nagpur,1,Services,9,Secondary,0,13.0,25334.42,30051.46,2023-06-12,0,0.1861909607561571,10.139919224417248,10.310666524473623,False,False,True,False,False,True,False,False
MSME0041,Bihar,Patna,0,Manufacturing,18,No formal education,0,1.0,23458.59,24568.3,2023-01-19,0,0.047305059681762594,10.062992018099461,10.109212273052291,True,False,False,False,False,False,False,False
MSME0042,Uttar Pradesh,Agra,0,Retail,2,Unknown,1,13.0,79606.81,87068.57,,0,0.09373268442737512,11.284854920936864,11.374451248120549,False,False,False,True,False,False,False,True
MSME0043,Rajasthan,Jodhpur,1,Retail,11,Primary,1,10.0,64203.77,66610.96,,0,0.03749296964960173,11.069817210695373,11.106624407553783,False,True,False,False,False,False,True,False
MSME0044,Gujarat,Surat,0,Retail,6,Unknown,0,7.0,39981.84,45606.4,,0,0.14067786775195953,10.59618063000687,10.727803336531407,False,False,False,True,True,False,False,False
MSME0045,Bihar,Gaya,1,Services,8,Graduate,0,12.0,20378.89,24282.73,2022-06-24,0,0.19156293595971127,9.922254840131512,10.09752067707349,False,False,False,False,False,False,False,False
MSME0046,Rajasthan,Ajmer,1,Agri-Processing,4,Primary,0,10.0,297559.68,363006.84,2022-06-19,0,0.21994633143845307,12.603370088891337,12.802176956044669,False,True,False,False,False,False,True,False
MSME0047,Gujarat,Surat,1,Services,18,Primary,1,5.0,75350.04,84738.02,,0,0.12459157287773187,11.229899734910505,11.34731965831871,False,True,False,False,True,False,False,False
MSME0048,Rajasthan,Jodhpur,1,Retail,11,No formal education,0,8.0,10115.56,10553.2,,0,0.04326404074514918,9.221830111391153,9.264184410448294,True,False,False,False,False,False,True,False
MSME0049,Maharashtra,Pune,1,Manufacturing,5,Graduate,0,9.0,24028.48,27833.71,,0,0.15836332552038246,10.086995072464378,10.234003155013399,False,False,False,False,False,True,False,False
MSME0050,Rajasthan,Jodhpur,0,Services,15,Secondary,0,11.0,76528.68,77962.03,2022-10-12,0,0.01872957955109125,11.245420851517231,11.263977192276844,False,False,True,False,False,False,True,False
MSME0051,Rajasthan,Ajmer,1,Services,18,Secondary,1,14.0,19155.95,18977.34,2022-04-02,0,-0.009323995938598742,9.860368651310838,9.851000914818627,False,False,True,False,False,False,True,False
MSME0052,Rajasthan,Ajmer,0,Retail,2,Secondary,0,7.0,48109.66,51926.13,2023-08-26,0,0.07932855896300231,10.781238267530718,10.857577410664478,False,False,True,False,False,False,True,False
MSME0053,Bihar,Patna,1,Retail,11,No formal education,0,14.0,77702.06,98262.05,2022-02-06,0,0.26460032076369666,11.260637048230809,11.495393168521497,True,False,False,False,False,False,False,False
MSME0054,Rajasthan,Jodhpur,0,Services,13,Primary,0,13.0,2414.52,2238.34,2023-10-11,0,-0.07296688368702675,7.789255788567756,7.713489798691345,False,True,False,False,False,False,True,False
MSME0055,Gujarat,Surat,0,Manufacturing,4,Primary,1,7.0,33308.56,29902.48,2023-08-04,0,-0.10225839844172184,10.413569699992088,10.305696699082999,False,True,False,False,True,False,False,False
MSME0056,Maharashtra,Pune,1,Retail,7,No formal education,0,1.0,34370.96,38329.1,2022-12-04,0,0.11515942528227316,10.444967300789274,10.5539646777963,True,False,False,False,False,True,False,False
MSME0057,Maharashtra,Nagpur,0,Retail,11,Primary,1,4.0,26117.01,26179.42,,0,0.0023896303596774617,10.170342105168766,10.172728884902208,False,True,False,False,False,True,False,False
MSME0058,Rajasthan,Jodhpur,1,Manufacturing,4,Graduate,0,2.0,46228.7,51758.59,,0,0.11962027917722107,10.741356096318665,10.854345687690907,False,False,False,False,False,False,True,False
MSME0059,Bihar,Gaya,0,Agri-Processing,15,No formal education,0,2.0,61452.25,61077.89,2023-11-03,0,-0.00609188434923051,11.026015729458118,11.01990521387668,True,False,False,False,False,False,False,False
MSME0060,Bihar,Muzaffarpur,1,Agri-Processing,1,Primary,0,2.0,40686.06,47825.24,,0,0.17546992753783483,10.613640806619555,10.775308812591732,False,True,False,False,False,False,False,False
MSME0061,Gujarat,Surat,0,Manufacturing,3,Primary,1,4.0,26928.44,23243.9,,0,-0.136827086901432,10.200938256166374,10.053798011000232,False,True,False,False,True,False,False,False
MSME0062,Rajasthan,Jaipur,1,Manufacturing,14,Primary,0,14.0,60240.31,60593.98,,0,0.005870985723679137,11.006097008542872,11.011950827188874,False,True,False,False,False,False,True,False
MSME0063,Maharashtra,Nashik,1,Retail,6,Graduate,1,1.0,37768.95,31610.28,,0,-0.1630617213345883,10.539242615478935,10.361237663126774,False,False,False,False,False,True,False,False
MSME0064,Bihar,Gaya,0,Manufacturing,18,Primary,1,4.0,30195.24,33041.28,,0,0.09425459112098454,10.31543957504623,10.4055129678046,False,True,False,False,False,False,False,False
MSME0065,Rajasthan,Ajmer,1,Manufacturing,1,Primary,0,2.0,12710.41,14639.23,,0,0.15175120236089942,9.450176621727735,9.591460190503689,False,True,False,False,False,False,True,False
MSME0066,Bihar,Muzaffarpur,1,Services,6,Secondary,1,5.0,10403.28,13217.39,,0,0.27050218777154883,9.249876420021575,9.489288665774994,False,False,True,False,False,False,False,False
MSME0067,Bihar,Muzaffarpur,1,Manufacturing,6,Unknown,1,3.0,12519.17,12759.04,,0,0.0191602158929067,9.435016348526837,9.45399531895876,False,False,False,True,False,False,False,False
MSME0068,Maharashtra,Pune,1,Retail,16,Primary,0,12.0,45372.58,52305.82,2023-03-03,0,0.1528068273834108,10.722663236811545,10.864862924932481,False,True,False,False,False,True,False,False
MSME0069,Uttar Pradesh,Agra,1,Retail,5,Primary,0,7.0,34089.24,40044.8,,0,0.17470498022249853,10.436737070955598,10.59775410636399,False,True,False,False,False,False,False,True
MSME0070,Gujarat,Surat,1,Retail,17,Secondary,1,7.0,11111.91,12060.81,,0,0.08539486010955809,9.315772785049328,9.397716632204869,False,False,True,False,True,False,False,False
MSME0071,Gujarat,Surat,1,Retail,10,Graduate,0,1.0,60884.52,,,1,,11.01673423419483,,False,False,False,False,True,False,False,False
MSME0072,Maharashtra,Pune,1,Retail,18,Secondary,1,1.0,109037.55,147285.22,,0,0.3507752145935047,11.599447597299205,11.90012625797307,False,False,True,False,False,True,False,False
MSME0073,Bihar,Gaya,0,Agri-Processing,7,Primary,1,12.0,22498.53,25646.71,2022-08-02,0,0.13992825309031304,10.021205252724863,10.15217057726503,False,True,False,False,False,False,False,False
MSME0074,Rajasthan,Jaipur,1,Manufacturing,3,Unknown,0,7.0,9020.13,9976.97,,0,0.10607829377181928,9.107214025369663,9.20803471599308,False,False,False,True,False,False,True,False
MSME0075,Bihar,Patna,1,Manufacturing,13,No formal education,1,3.0,20592.84,24890.08,,0,0.2086764137438062,9.932698721544707,10.122224609498698,True,False,False,False,False,False,False,False
MSME0076,Maharashtra,Nagpur,1,Agri-Processing,15,No formal education,0,9.0,71938.62,78718.77,,0,0.09424909735549569,11.183568534413416,11.273636906604063,True,False,False,False,False,True,False,False
MSME0077,Gujarat,Surat,1,Agri-Processing,19,Primary,0,7.0,56321.06,58322.07,,0,0.03552862818988141,10.938823811677539,10.97373585987981,False,True,False,False,True,False,False,False
MSME0078,Bihar,Muzaffarpur,0,Manufacturing,3,Primary,0,2.0,17362.25,,2022-10-10,1,,9.762053588110843,,False,True,False,False,False,False,False,False
MSME0079,Gujarat,Rajkot,1,Services,4,Secondary,0,13.0,122631.32,117681.01,,0,-0.04036742000330757,11.716937734785231,11.675732937835361,False,False,True,False,True,False,False,False
MSME0080,Rajasthan,Jaipur,1,Retail,5,Secondary,1,9.0,106790.48,119302.81,,0,0.11716709204790542,11.578624062958374,11.689420161873997,False,False,True,False,False,False,True,False
MSME0081,Gujarat,Vadodara,0,Retail,1,Graduate,1,10.0,20203.18,20373.54,,0,0.008432335899596032,9.913595296741738,9.9219922790999,False,False,False,False,True,False,False,False
MSME0082,Gujarat,Rajkot,0,Manufacturing,4,Secondary,1,2.0,20037.64,23346.33,2023-07-08,0,0.16512373712672762,9.905367783792963,10.058195077296466,False,False,True,False,True,False,False,False
MSME0083,Uttar Pradesh,Kanpur,1,Services,12,Secondary,0,3.0,22600.73,28321.15,,0,0.2531077535991095,10.02573748562367,10.251364154327833,False,False,True,False,False,False,False,True
MSME0084,Uttar Pradesh,Kanpur,0,Services,10,No formal education,0,11.0,24200.63,20153.68,,0,-0.16722498546525444,10.094133944863774,9.911142180972904,True,False,False,False,False,False,False,True
MSME0085,Uttar Pradesh,Agra,0,Retail,13,No formal education,1,13.0,77686.01,77664.64,2023-03-14,0,-0.0002750817039000374,11.260430468664474,11.260155349118662,True,False,False,False,False,False,False,True
MSME0086,Gujarat,Vadodara,1,Retail,14,Secondary,0,10.0,51034.81,58813.64,2022-10-06,0,0.15242204291541406,10.840263227895427,10.982129079774307,False,False,True,False,True,False,False,False
MSME0087,Maharashtra,Nashik,0,Services,5,Primary,1,14.0,73252.16,71579.53,,0,-0.022833865922861588,11.201663014499157,11.17856441821855,False,True,False,False,False,True,False,False
MSME0088,Gujarat,Vadodara,0,Retail,4,Graduate,1,2.0,62246.16,66104.23,2022-10-18,0,0.06198085150955484,11.038852125677261,11.098988017740815,False,False,False,False,True,False,False,False
MSME0089,Maharashtra,Nashik,1,Manufacturing,14,No formal education,1,3.0,143146.18,141421.66,2022-05-01,0,-0.01204726525010999,11.871621624875058,11.859501203174478,True,False,False,False,False,True,False,False
MSME0090,Maharashtra,Pune,1,Services,10,No formal education,1,6.0,15560.51,17163.35,2023-01-03,0,0.10300690658596655,9.652491573544864,9.750531575433948,True,False,False,False,False,True,False,False
MSME0092,Bihar,Muzaffarpur,0,Services,10,Primary,1,9.0,6380.13,6813.7,,0,0.06795629556137567,8.760943752306792,8.826690570248466,False,True,False,False,False,False,False,False
MSME0093,Rajasthan,Ajmer,0,Agri-Processing,7,No formal education,0,7.0,12662.95,12852.16,,0,0.014942015880975532,9.446435685931402,9.46126716958247,True,False,False,False,False,False,True,False
MSME0095,Uttar Pradesh,Kanpur,1,Services,1,No formal education,0,3.0,50744.84,57656.63,,0,0.13620675520900255,10.834565216857946,10.962260523421227,True,False,False,False,False,False,False,True
MSME0096,Bihar,Patna,0,Services,17,Unknown,1,4.0,33474.77,35953.27,,0,0.07404083732315413,10.418547299736666,10.489975318678816,False,False,False,True,False,False,False,False
MSME0097,Rajasthan,Ajmer,1,Retail,9,Primary,1,6.0,23069.02,26619.31,2023-09-24,0,0.15389860514230777,10.046245870855033,10.189392171252534,False,True,False,False,False,False,True,False
MSME0098,Gujarat,Vadodara,1,Retail,6,No formal education,0,11.0,26594.66,27397.49,,0,0.030187639172676084,10.188465722736735,10.218206682340675,True,False,False,False,True,False,False,False
MSME0099,Gujarat,Surat,1,Retail,19,Primary,0,5.0,108613.69,109498.65,,0,0.00814777584667266,11.595552737469072,11.60366749939557,False,True,False,False,True,False,False,False
MSME0100,Uttar Pradesh,Lucknow,0,Manufacturing,13,Graduate,1,2.0,26709.49,22730.75,,0,-0.14896353318614475,10.19277421194942,10.031473912342706,False,False,False,False,False,False,False,True
MSME0101,Rajasthan,Jaipur,1,Services,3,Primary,0,13.0,147177.31,193890.17,,0,0.31739172294968576,11.899393329373764,12.175047143710472,False,True,False,False,False,False,True,False
MSME0102,Uttar Pradesh,Lucknow,0,Services,7,Unknown,0,6.0,68542.8,74077.37,2023-02-26,0,0.08074619070128435,11.135213646651371,11.212865366530018,False,False,False,True,False,False,False,True
MSME0103,Maharashtra,Nashik,1,Retail,9,No formal education,0,3.0,52366.89,59580.64,,0,0.13775402740166545,10.866029800365999,10.995085968069265,True,False,False,False,False,True,False,False
MSME0104,Uttar Pradesh,Agra,1,Retail,5,Secondary,0,14.0,13976.36,15343.44,,0,0.09781373691003951,9.545122609925194,9.638443300106847,False,False,True,False,False,False,False,True
MSME0105,Uttar Pradesh,Kanpur,1,Agri-Processing,10,Primary,1,8.0,76740.93,83187.02,2022-04-18,0,0.08399806986962513,11.248190482570356,11.32884660502315,False,True,False,False,False,False,False,True
MSME0106,Gujarat,Vadodara,1,Retail,17,Secondary,0,2.0,24464.63,31210.07,,0,0.2757221343629558,10.104983679962835,10.348496078133184,False,False,True,False,True,False,False,False
MSME0107,Gujarat,Vadodara,0,Manufacturing,12,Secondary,0,1.0,13966.94,16626.85,,0,0.19044328965399707,9.544448387456349,9.718774137528584,False,False,True,False,True,False,False,False
MSME0108,Gujarat,Surat,1,Manufacturing,16,Graduate,0,9.0,54735.89,59135.55,,0,0.08037980199097892,10.910274897569064,10.987587545394481,False,False,False,False,True,False,False,False
MSME0109,Maharashtra,Pune,0,Manufacturing,3,Primary,0,14.0,11963.83,13325.81,,0,0.11384147049899569,9.389643210354336,9.497458035179026,False,True,False,False,False,True,False,False
MSME0110,Gujarat,Rajkot,1,Retail,9,No formal education,0,12.0,19736.14,22760.14,,0,0.15322145059773593,9.890206751820028,10.032766039363704,True,False,False,False,True,False,False,False
MSME0111,Rajasthan,Jaipur,0,Retail,15,No formal education,0,3.0,36022.8,35257.57,,0,-0.02124293503003662,10.491907350300664,10.470435536957604,True,False,False,False,False,False,True,False
MSME0112,Bihar,Patna,1,Retail,5,Graduate,0,11.0,214215.36,283403.63,,0,0.32298463564890967,12.274737143108315,12.554627414907568,False,False,False,False,False,False,False,False
MSME0113,Rajasthan,Jaipur,0,Manufacturing,13,Secondary,0,1.0,20962.02,20940.71,2023-11-08,0,-0.0010166004993794162,9.9504675078371,9.949450390248956,False,False,True,False,False,False,True,False
MSME0114,Rajasthan,Jodhpur,0,Manufacturing,14,Unknown,1,7.0,25170.47,25916.43,,0,0.029636315889214587,10.133426760978464,10.162632409498878,False,False,False,True,False,False,True,False
MSME0115,Gujarat,Vadodara,1,Retail,15,Primary,0,13.0,65243.13,,,1,,11.085876032285515,,False,True,False,False,True,False,False,False
MSME0116,Bihar,Muzaffarpur,1,Services,16,Primary,0,10.0,13485.41,12987.2,,0,-0.03694437173211635,9.509363639264397,9.471719536006912,False,True,False,False,False,False,False,False
MSME0117,Bihar,Patna,0,Services,13,No formal education,0,5.0,51753.38,53246.01,,0,0.028841208052498304,10.85424502300441,10.882678151186846,True,False,False,False,False,False,False,False
MSME0118,Bihar,Patna,0,Retail,17,Graduate,0,5.0,95295.84,89933.62,,0,-0.05626919286298333,11.46474143706309,11.406827121628933,False,False,False,False,False,False,False,False
MSME0119,Maharashtra,Nashik,1,Manufacturing,8,Secondary,1,14.0,28405.1,28023.55,2023-09-07,0,-0.013432446990153151,10.254323985491983,10.240800507083538,False,False,True,False,False,True,False,False
MSME0120,Gujarat,Surat,0,Services,2,Graduate,0,1.0,82530.52,78262.56,,0,-0.05171371754352216,11.320923443306006,11.267824606703966,False,False,False,False,True,False,False,False
MSME0121,Bihar,Patna,0,Retail,5,Primary,1,9.0,45851.35,43442.37,2022-05-23,0,-0.052538911068049164,10.733159921089754,10.679190511130633,False,True,False,False,False,False,False,False
MSME0122,Maharashtra,Nagpur,0,Retail,6,Secondary,1,7.0,20240.78,22325.34,,0,0.10298812595166794,9.915454660208256,10.013477635192,False,False,True,False,False,True,False,False
MSME0123,Uttar Pradesh,Agra,0,Services,12,Secondary,0,8.0,31000.43,27702.63,,0,-0.10637916957926065,10.341756354338825,10.229282633516734,False,False,True,False,False,False,False,True
MSME0124,Uttar Pradesh,Agra,0,Agri-Processing,18,Primary,1,9.0,26800.99,24684.12,,0,-0.07898476884622554,10.196194106115179,10.113915400877852,False,True,False,False,False,False,False,True
MSME0125,Maharashtra,Nashik,1,Services,1,Graduate,0,6.0,33856.61,39851.58,,0,0.17706941126119835,10.42988953254148,10.592917332114933,False,False,False,False,False,True,False,False
MSME0126,Maharashtra,Nashik,1,Manufacturing,17,Graduate,0,12.0,41034.74,40933.54,,0,-0.002466203026996079,10.622174303989151,10.61970505487426,False,False,False,False,False,True,False,False
MSME0127,Gujarat,Vadodara,1,Services,11,Graduate,0,5.0,58137.14,62451.74,,0,0.0742141770303802,10.970559981296454,11.04214937745541,False,False,False,False,True,False,False,False
MSME0128,Gujarat,Vadodara,0,Manufacturing,10,Secondary,0,6.0,54553.36,45473.08,,0,-0.16644767618346512,10.906934584231426,10.724875781494442,False,False,True,False,True,False,False,False
MSME0129,Uttar Pradesh,Lucknow,0,Services,19,Primary,1,11.0,5190.73,5668.28,,0,0.09200054712920923,8.554629621374906,8.642640999731567,False,True,False,False,False,False,False,True
MSME0130,Bihar,Patna,1,Manufacturing,14,Primary,1,2.0,33595.7,37470.74,,0,0.11534333262887814,10.422153361571167,10.53131564072536,False,True,False,False,False,False,False,False
MSME0131,Uttar Pradesh,Lucknow,0,Retail,10,Graduate,1,4.0,10855.88,10838.6,,0,-0.0015917640946656408,9.292462147658474,9.290869115361378,False,False,False,False,False,False,False,True
MSME0132,Bihar,Patna,0,Services,15,No formal education,0,3.0,29126.92,31794.98,2022-08-27,0,0.09160117169958243,10.279418111441974,10.36706369467159,True,False,False,False,False,False,False,False
MSME0133,Bihar,Gaya,1,Manufacturing,19,Unknown,0,13.0,32891.46,35093.18,2022-09-15,0,0.06693895619105997,10.400968328590094,10.465762088580577,False,False,False,True,False,False,False,False
MSME0134,Gujarat,Rajkot,1,Manufacturing,4,Secondary,0,7.0,79294.07,88343.23,2023-04-18,0,0.11412152258043998,11.280918625507786,11.38898484776034,False,False,True,False,True,False,False,False
MSME0135,Rajasthan,Jodhpur,1,Agri-Processing,2,Unknown,1,9.0,35451.03,36462.18,2022-08-16,0,0.02852244349458962,10.475907586545237,10.504030837997597,False,False,False,True,False,False,True,False
MSME0136,Rajasthan,Jaipur,1,Retail,9,Graduate,0,5.0,44684.16,45947.48,,0,0.028272211002735637,10.707374355384355,10.73525428406014,False,False,False,False,False,False,True,False
MSME0137,Maharashtra,Nagpur,1,Retail,10,Primary,1,6.0,68490.14,71512.82,2022-11-11,0,0.0441330679131333,11.13444507228389,11.177632013308951,False,True,False,False,False,True,False,False
MSME0139,Bihar,Muzaffarpur,1,Services,14,No formal education,0,14.0,32911.88,36392.26,,0,0.10574844098848211,10.401588965799558,10.502111393651665,True,False,False,False,False,False,False,False
MSME0140,Rajasthan,Jodhpur,1,Services,7,Primary,1,12.0,39157.36,46330.7,2022-06-07,0,0.18319263607148176,10.575343678641568,10.743560087297201,False,True,False,False,False,False,True,False
MSME0141,Bihar,Gaya,1,Retail,15,Primary,0,12.0,36607.87,38347.12,2022-03-19,0,0.0475102757958876,10.508018523596801,10.55443470619185,False,True,False,False,False,False,False,False
MSME0142,Rajasthan,Jodhpur,1,Services,19,Primary,0,2.0,23527.4,27921.32,,0,0.1867575677720444,10.06592097837857,10.237145833695704,False,True,False,False,False,False,True,False
MSME0143,Rajasthan,Jaipur,0,Manufacturing,15,Graduate,1,3.0,19627.91,20579.87,2022-08-26,0,0.04850032428312536,9.884707811912955,9.93206869255565,False,False,False,False,False,False,True,False
MSME0144,Rajasthan,Jodhpur,1,Services,8,Graduate,0,3.0,5898.72,6466.18,,0,0.09620053164076274,8.682490657204397,8.774340795819345,False,False,False,False,False,False,True,False
MSME0145,Gujarat,Vadodara,0,Manufacturing,11,No formal education,1,12.0,15346.94,14111.93,2022-08-01,0,-0.08047271964313409,9.638671384608582,9.55477581791681,True,False,False,False,True,False,False,False
MSME0146,Uttar Pradesh,Kanpur,0,Manufacturing,9,Primary,0,12.0,8752.51,,,1,,9.077095795358874,,False,True,False,False,False,False,False,True
MSME0147,Bihar,Muzaffarpur,1,Agri-Processing,15,Graduate,1,9.0,99127.16,111683.06,,0,0.12666457911232396,11.504158749368084,11.6234203173343,False,False,False,False,False,False,False,False
MSME0148,Gujarat,Rajkot,1,Retail,1,No formal education,1,7.0,42223.52,49627.02,,0,0.17534066321329914,10.650732690736087,10.812290722450726,True,False,False,False,True,False,False,False
MSME0149,Gujarat,Surat,1,Retail,1,No formal education,0,8.0,32834.95,43688.04,,0,0.33053468940869424,10.399248775858572,10.684829659414797,True,False,False,False,True,False,False,False
MSME0150,Gujarat,Surat,1,Manufacturing,19,Unknown,0,11.0,20455.6,23685.4,,0,0.15789319306204674,9.9260119626148,10.072614103541191,False,False,False,True,True,False,False,False
MSME0151,Gujarat,Rajkot,0,Agri-Processing,3,Secondary,1,10.0,37191.05,34813.68,2023-12-26,0,-0.06392317506496865,10.523823419916635,10.457765691965925,False,False,True,False,True,False,False,False
MSME0152,Gujarat,Rajkot,1,Manufacturing,10,No formal education,0,11.0,18427.81,19304.01,,0,0.04754770100190945,9.821616215605433,9.868068125332085,True,False,False,False,True,False,False,False
MSME0153,Maharashtra,Nashik,1,Retail,8,Graduate,1,9.0,41739.99,43910.33,,0,0.05199665836048365,10.63921494105282,10.689904878899876,False,False,False,False,False,True,False,False
MSME0154,Bihar,Gaya,1,Retail,15,Primary,0,7.0,44204.73,43399.41,,0,-0.018217959933246954,10.696587075914906,10.678201125526044,False,True,False,False,False,False,False,False
MSME0155,Gujarat,Vadodara,1,Manufacturing,10,Secondary,0,4.0,18231.26,22921.54,,0,0.257265817063659,9.810892982124622,10.03983235879839,False,False,True,False,True,False,False,False
MSME0156,Bihar,Muzaffarpur,0,Retail,1,Primary,1,12.0,17955.12,13945.24,,0,-0.22332794211344728,9.795630590012953,9.542893510383193,False,True,False,False,False,False,False,False
MSME0157,Maharashtra,Nagpur,1,Services,18,Unknown,1,1.0,78414.14,94577.8,,0,0.20613195528255496,11.269759547218962,11.457178055195676,False,False,False,True,False,True,False,False
MSME0158,Maharashtra,Nagpur,1,Agri-Processing,2,Secondary,0,8.0,34811.81,36558.41,,0,0.0501726281971551,10.457711976006426,10.50666653446919,False,False,True,False,False,True,False,False
MSME0159,Bihar,Patna,1,Manufacturing,19,Secondary,1,7.0,19441.86,21212.49,,0,0.09107307634146121,9.87518375244983,9.962345438122217,False,False,True,False,False,False,False,False
MSME0160,Rajasthan,Ajmer,0,Manufacturing,13,Secondary,0,2.0,27000.08,24575.5,,0,-0.08979899318816839,10.20359510794504,10.109505290688352,False,False,True,False,False,False,True,False
MSME0161,Uttar Pradesh,Agra,1,Manufacturing,1,Secondary,0,8.0,16179.9,21297.18,,0,0.3162738953887231,9.691525010123668,9.966329948566411,False,False,True,False,False,False,False,True
MSME0162,Rajasthan,Jodhpur,1,Retail,2,Graduate,1,12.0,34415.18,39642.03,2023-03-16,0,0.15187629412369769,10.446253025096283,10.587645198030774,False,False,False,False,False,False,True,False
MSME0163,Rajasthan,Ajmer,0,Agri-Processing,16,Graduate,1,5.0,70636.53,76219.48,,0,0.07903771603729681,11.165302711760996,11.241372352048241,False,False,False,False,False,False,True,False
MSME0164,Rajasthan,Jaipur,1,Manufacturing,15,Secondary,1,7.0,35520.44,46160.96,2023-06-26,0,0.29956047841749694,10.47786358441677,10.739889698192759,False,False,True,False,False,False,True,False
MSME0165,Gujarat,Surat,0,Manufacturing,13,No formal education,0,4.0,240603.77,244535.37,,0,0.016340558587257407,12.390906751560388,12.40711524001113,True,False,False,False,True,False,False,False
MSME0166,Maharashtra,Pune,0,Services,16,No formal education,0,5.0,50873.0,44790.51,,0,-0.11956224323314918,10.837087609932846,10.709751565606714,True,False,False,False,False,True,False,False
MSME0167,Rajasthan,Ajmer,0,Manufacturing,17,Primary,0,8.0,43650.22,42687.11,,0,-0.022064264510007064,10.683963601346685,10.661652280107429,False,True,False,False,False,False,True,False
MSME0169,Bihar,Muzaffarpur,0,Retail,17,Primary,0,1.0,30006.62,28495.77,,0,-0.05035055597731429,10.30917330296765,10.257510934188616,False,True,False,False,False,False,False,False
MSME0170,Uttar Pradesh,Agra,0,Services,7,Primary,1,4.0,19473.09,,,1,,9.876788791474906,,False,True,False,False,False,False,False,True
MSME0171,Bihar,Muzaffarpur,0,Agri-Processing,13,Graduate,0,3.0,6421.99,6335.84,2023-06-04,0,-0.013414844931243997,8.767483317500941,8.75397768065016,False,False,False,False,False,False,False,False
MSME0172,Bihar,Patna,0,Services,5,Graduate,1,13.0,79174.52,82437.37,,0,0.04121085925118322,11.27940980886873,11.31979413250619,False,False,False,False,False,False,False,False
MSME0173,Gujarat,Vadodara,1,Agri-Processing,17,Graduate,1,10.0,24121.03,29285.11,,0,0.21409036015460375,10.09083935308028,10.284834474706004,False,False,False,False,True,False,False,False
MSME0174,Uttar Pradesh,Lucknow,1,Retail,3,Primary,0,12.0,19765.24,22425.11,,0,0.13457311927403862,9.891680118333513,10.017936592154655,False,True,False,False,False,False,False,True
MSME0175,Bihar,Muzaffarpur,1,Manufacturing,7,Unknown,1,2.0,42978.53,51419.47,2023-03-03,0,0.19639899270635833,10.668455967657204,10.847772173493325,False,False,False,True,False,False,False,False
MSME0176,Bihar,Patna,1,Services,17,Primary,1,12.0,54720.83,59471.89,,0,0.08682360994889876,10.909999720310052,10.993259042925422,False,True,False,False,False,False,False,False
MSME0177,Uttar Pradesh,Agra,1,Manufacturing,7,No formal education,0,3.0,28095.93,36558.42,2022-08-26,0,0.30119985350191286,10.243380004973881,10.506666808004024,True,False,False,False,False,False,False,True
MSME0178,Uttar Pradesh,Agra,1,Manufacturing,1,No formal education,0,11.0,36240.0,39319.17,,0,0.08496605960264896,10.497918760156915,10.57946746518785,True,False,False,False,False,False,False,True
MSME0179,Bihar,Patna,1,Retail,17,Primary,0,11.0,65969.64,84947.55,2023-11-24,0,0.28767642206324007,11.096949915176106,11.349789286189775,False,True,False,False,False,False,False,False
MSME0180,Uttar Pradesh,Agra,0,Retail,17,Primary,0,14.0,27223.75,23205.34,,0,-0.147606777170669,10.211845033064819,10.052137703582588,False,True,False,False,False,False,False,True
MSME0182,Bihar,Muzaffarpur,1,Retail,3,No formal education,0,1.0,9629.67,10707.59,,0,0.11193737687792002,9.17260423629224,9.278708114777572,True,False,False,False,False,False,False,False
MSME0183,Gujarat,Vadodara,1,Services,15,Secondary,1,1.0,13452.83,15902.38,,0,0.18208436440511025,9.506944771819066,9.674224062541152,False,False,True,False,True,False,False,False
MSME0184,Rajasthan,Jodhpur,0,Retail,11,Secondary,1,6.0,58949.23,64029.57,,0,0.08618161763945002,10.98443184396333,11.067100286888236,False,False,True,False,False,False,True,False
MSME0185,Bihar,Muzaffarpur,1,Retail,16,Primary,0,5.0,12902.2,12983.74,,0,0.006319852428267974,9.46515311844468,9.471453084348214,False,True,False,False,False,False,False,False
MSME0186,Maharashtra,Pune,0,Manufacturing,9,Primary,1,8.0,43796.54,38943.96,,0,-0.11079825027273847,10.687310097810444,10.569878968670867,False,True,False,False,False,True,False,False
MSME0187,Rajasthan,Jodhpur,1,Manufacturing,1,Primary,0,2.0,32286.39,31924.15,2022-09-24,0,-0.011219588191804596,10.382401058183637,10.371118055644176,False,True,False,False,False,False,True,False
MSME0188,Rajasthan,Jaipur,1,Agri-Processing,16,Secondary,0,4.0,27130.84,35319.5,2023-06-07,0,0.30182110100535037,10.208426367208311,10.472190498332305,False,False,True,False,False,False,True,False
MSME0189,Rajasthan,Jodhpur,0,Manufacturing,9,Unknown,1,8.0,18717.79,19274.84,,0,0.02976045783182733,9.837229687506921,9.866555897489166,False,False,False,True,False,False,True,False
MSME0190,Gujarat,Rajkot,1,Retail,19,No formal education,0,12.0,75167.33,77068.86,,0,0.025297293385304478,11.227471974051525,11.252454586914878,True,False,False,False,True,False,False,False
MSME0191,Bihar,Muzaffarpur,0,Services,12,No formal education,0,6.0,144916.49,138495.31,,0,-0.044309519227245936,11.883912924456245,11.838591741220288,True,False,False,False,False,False,False,False
MSME0192,Gujarat,Vadodara,0,Manufacturing,19,Secondary,0,1.0,46173.15,51629.71,,0,0.11817603953812979,10.740153739294596,10.851852560968515,False,False,True,False,True,False,False,False
MSME0194,Gujarat,Vadodara,0,Manufacturing,7,Primary,1,1.0,21039.05,20329.64,2022-09-18,0,-0.03371872779426827,9.954135513741004,9.919835198644654,False,True,False,False,True,False,False,False
MSME0195,Gujarat,Rajkot,0,Agri-Processing,14,Unknown,0,13.0,13948.43,12858.64,,0,-0.07812994007210854,9.543122236113003,9.461771237922406,False,False,False,True,True,False,False,False
MSME0196,Maharashtra,Pune,1,Manufacturing,19,Secondary,0,2.0,35179.15,36309.31,,0,0.03212584727032905,10.468208856544285,10.499829461198352,False,False,True,False,False,True,False,False
MSME0197,Gujarat,Rajkot,0,Retail,19,Graduate,0,7.0,16663.9,18635.78,2023-06-12,0,0.11833244318556864,9.720999981962649,9.832838667758613,False,False,False,False,True,False,False,False
MSME0198,Uttar Pradesh,Lucknow,1,Retail,2,Graduate,1,14.0,8794.76,11806.96,2022-03-19,0,0.3424993973684329,9.081911368567377,9.376444467080587,False,False,False,False,False,False,False,True
MSME0199,Maharashtra,Nashik,0,Retail,9,Secondary,0,8.0,69061.77,62257.85,,0,-0.09851934000533154,11.142756600502597,11.03903991079413,False,False,True,False,False,True,False,False
MSME0200,Gujarat,Surat,0,Manufacturing,13,Secondary,0,8.0,71806.73,81895.16,2023-10-13,0,0.14049421272908552,11.18173348323422,11.3131951716358,False,False,True,False,True,False,False,False
MSME0201,Rajasthan,Ajmer,1,Manufacturing,15,Graduate,0,11.0,18268.42,19984.74,2022-12-26,0,0.09395010624892594,9.812929165063153,9.902724261303478,False,False,False,False,False,False,True,False
MSME0202,Uttar Pradesh,Lucknow,0,Retail,3,Unknown,0,7.0,44142.2,46497.84,,0,0.053364807372536925,10.695171519982368,10.747161138883635,False,False,False,True,False,False,False,True
MSME0203,Uttar Pradesh,Kanpur,0,Agri-Processing,11,Primary,1,11.0,80947.96,92363.36,2023-11-12,0,0.14102146613700942,11.30156175804704,11.433485642191734,False,True,False,False,False,False,False,True
MSME0204,Uttar Pradesh,Kanpur,0,Services,14,No formal education,1,13.0,42788.36,42167.6,,0,-0.01450768386542513,10.664021381964528,10.649407432623992,True,False,False,False,False,False,False,True
MSME0205,Maharashtra,Pune,0,Manufacturing,8,Graduate,0,4.0,13981.3,13522.8,,0,-0.03279380315135216,9.545476001450194,9.512132428746304,False,False,False,False,False,True,False,False
MSME0206,Gujarat,Rajkot,0,Services,18,Graduate,1,10.0,30142.31,,,1,,10.31368511157938,,False,False,False,False,True,False,False,False
MSME0207,Gujarat,Surat,1,Retail,19,No formal education,0,11.0,104971.85,107318.54,2022-08-04,0,0.022355421953599824,11.561447497957612,11.583556700272592,True,False,False,False,True,False,False,False
MSME0208,Rajasthan,Ajmer,0,Manufacturing,16,Secondary,1,14.0,44250.47,49326.27,,0,0.11470612628521223,10.697621271848595,10.806212078151852,False,False,True,False,False,False,True,False
MSME0209,Rajasthan,Jodhpur,1,Services,2,Primary,1,6.0,55899.22,65202.14,,0,0.1664230735241028,10.931305705557468,11.085247569462002,False,True,False,False,False,False,True,False
MSME0210,Uttar Pradesh,Agra,1,Services,8,No formal education,0,11.0,47729.43,51717.63,2023-08-04,0,0.08355850886968474,10.773303467753902,10.853554008169965,True,False,False,False,False,False,False,True
MSME0211,Rajasthan,Jodhpur,0,Services,6,Graduate,1,11.0,18317.11,17210.45,,0,-0.06041673604624309,9.815590874692406,9.753272036452355,False,False,False,False,False,False,True,False
MSME0212,Maharashtra,Nashik,1,Retail,12,Primary,1,10.0,22099.8,21898.73,,0,-0.009098272382555485,10.00332383769114,9.994183923255477,False,True,False,False,False,True,False,False
MSME0213,Gujarat,Rajkot,1,Agri-Processing,15,No formal education,0,3.0,47624.0,51831.11,,0,0.08834012262724678,10.771092114833227,10.855745827122671,True,False,False,False,True,False,False,False
MSME0214,Uttar Pradesh,Agra,1,Retail,8,Secondary,0,2.0,69807.55,78159.02,2023-06-01,0,0.11963562680541003,11.153497449090036,11.266500748255254,False,False,True,False,False,False,False,True
MSME0215,Rajasthan,Jaipur,1,Agri-Processing,4,Secondary,0,6.0,87546.38,89993.41,,0,0.02795124138770785,11.379923989057898,11.407491724409303,False,False,True,False,False,False,True,False
MSME0216,Maharashtra,Pune,0,Agri-Processing,15,No formal education,1,11.0,18279.14,18196.03,,0,-0.0045467128103401245,9.813515797949586,9.808958717402538,True,False,False,False,False,True,False,False
MSME0217,Maharashtra,Nagpur,1,Retail,17,Secondary,1,13.0,51353.91,61849.91,,0,0.20438560569195216,10.846496356566945,11.032465922686187,False,False,True,False,False,True,False,False
MSME0218,Rajasthan,Jodhpur,0,Services,13,Unknown,1,5.0,93867.11,91863.3,,0,-0.0213473068468817,11.449635337598124,11.428056881467052,False,False,False,True,False,False,True,False
MSME0220,Rajasthan,Jodhpur,0,Manufacturing,2,No formal education,0,10.0,119300.13,109670.94,,0,-0.08071399419262998,11.689397697775272,11.605239706885571,True,False,False,False,False,False,True,False
MSME0221,Uttar Pradesh,Lucknow,1,Manufacturing,13,Secondary,1,5.0,134746.79,170507.11,,0,0.26538903078878523,11.811152666595104,12.046532275716016,False,False,True,False,False,False,False,True
MSME0222,Rajasthan,Ajmer,1,Manufacturing,13,Primary,1,10.0,296579.05,345220.59,,0,0.16400868503692367,12.600069072340977,12.751938882994315,False,True,False,False,False,False,True,False
MSME0223,Maharashtra,Nagpur,0,Agri-Processing,15,Graduate,0,13.0,43684.42,50434.78,2023-07-14,0,0.1545255722749667,10.684746795775567,10.828436295429258,False,False,False,False,False,True,False,False
MSME0224,Rajasthan,Jodhpur,0,Services,10,Graduate,0,5.0,43876.75,54469.55,,0,0.24142170967539764,10.689139846012626,10.905397108915285,False,False,False,False,False,False,True,False
MSME0225,Gujarat,Surat,1,Manufacturing,3,Unknown,1,10.0,70375.15,77125.68,,0,0.09592206908262361,11.16159549687844,11.253191578024575,False,False,False,True,True,False,False,False
MSME0226,Bihar,Gaya,1,Services,19,Primary,0,12.0,68750.7,75670.98,2022-10-02,0,0.10065759330450452,11.138242197295165,11.234150010576027,False,True,False,False,False,False,False,False
MSME0227,Rajasthan,Jodhpur,1,Agri-Processing,3,Graduate,1,5.0,89419.45,100300.2,2022-03-24,0,0.12168213962398561,11.401093499019783,11.515922967965984,False,False,False,False,False,False,True,False
MSME0228,Gujarat,Rajkot,1,Retail,14,Primary,0,3.0,67997.52,82855.37,2022-08-18,0,0.21850576315136186,11.12722651290494,11.324851836686655,False,True,False,False,True,False,False,False
MSME0230,Maharashtra,Nashik,1,Retail,4,No formal education,1,6.0,96528.9,103761.52,,0,0.07492699077685554,11.47759772435662,11.549850468073467,True,False,False,False,False,True,False,False
MSME0231,Gujarat,Surat,1,Services,11,No formal education,0,4.0,15413.46,18401.26,,0,0.1938435627042857,9.642996432637462,9.820174419513418,True,False,False,False,True,False,False,False
MSME0232,Gujarat,Vadodara,1,Retail,11,Secondary,0,2.0,36485.93,41388.48,2023-06-07,0,0.1343682345495922,10.504681985802225,10.6307578602221,False,False,True,False,True,False,False,False
MSME0233,Gujarat,Rajkot,1,Retail,11,Primary,0,12.0,126878.92,154929.63,,0,0.22108250921429665,11.750988524852625,11.950726292812181,False,True,False,False,True,False,False,False
MSME0234,Gujarat,Surat,1,Manufacturing,2,Primary,1,9.0,13357.09,17679.28,,0,0.32358769761976586,9.499802608994385,9.78014861138049,False,True,False,False,True,False,False,False
MSME0235,Uttar Pradesh,Kanpur,1,Services,17,Secondary,0,1.0,21120.92,23705.33,2022-11-08,0,0.12236256753967174,9.958019297477522,10.07345519635301,False,False,True,False,False,False,False,True
MSME0236,Uttar Pradesh,Lucknow,1,Manufacturing,9,Primary,1,13.0,62155.7,59543.0,,0,-0.04203476109190303,11.03739780632956,10.994454019595349,False,True,False,False,False,False,False,True
MSME0237,Maharashtra,Nagpur,1,Retail,2,Secondary,0,13.0,49768.1,61490.92,2023-10-23,0,0.235548875685429,10.815129495516096,11.026644800617992,False,False,True,False,False,True,False,False
MSME0238,Rajasthan,Jaipur,0,Manufacturing,15,Primary,1,11.0,18033.38,16531.73,,0,-0.08327057933676335,9.799979763963485,9.713036843536,False,True,False,False,False,False,True,False
MSME0239,Gujarat,Surat,1,Agri-Processing,16,Graduate,1,14.0,26031.04,29507.26,,0,0.13354134141394264,10.167044951089823,10.292391613744773,False,False,False,False,True,False,False,False
MSME0240,Rajasthan,Ajmer,0,Manufacturing,4,Graduate,0,4.0,14120.38,15231.7,2023-01-27,0,0.07870326435974113,9.555374422866409,9.631134061459038,False,False,False,False,False,False,True,False
MSME0241,Rajasthan,Jaipur,1,Retail,8,Primary,0,1.0,79569.65,94226.41,2022-03-12,0,0.18420038293495083,11.284388017719202,11.453455782204854,False,True,False,False,False,False,True,False
MSME0242,Maharashtra,Nagpur,0,Manufacturing,9,Primary,0,13.0,29593.05,29292.03,2022-04-26,0,-0.010171982948699119,10.295294815445654,10.285070744350858,False,True,False,False,False,True,False,False
MSME0243,Gujarat,Vadodara,0,Retail,5,Primary,0,6.0,152317.85,143546.14,,0,-0.05758819468630887,11.933724734904565,11.87441179560217,False,True,False,False,True,False,False,False
MSME0244,Gujarat,Rajkot,0,Services,16,Graduate,0,4.0,38749.77,27512.75,,0,-0.28998933413024125,10.564880099280007,10.222404812572169,False,False,False,False,True,False,False,False
MSME0245,Bihar,Gaya,0,Services,13,Unknown,0,5.0,30461.16,32588.33,,0,0.06983220599609476,10.324207708455475,10.391709527806166,False,False,False,True,False,False,False,False
MSME0246,Rajasthan,Jodhpur,1,Manufacturing,7,Primary,0,5.0,28184.93,31592.78,2022-08-04,0,0.12091035883360358,10.24654271692203,10.360683892456581,False,True,False,False,False,False,True,False
MSME0247,Rajasthan,Jodhpur,1,Manufacturing,17,No formal education,0,9.0,29870.9,39550.08,2022-01-05,0,0.32403375860787587,10.304640041322024,10.58532299594976,True,False,False,False,False,False,True,False
MSME0248,Uttar Pradesh,Lucknow,1,Services,3,Primary,0,1.0,39682.16,47450.86,,0,0.1957731131571466,10.588656995401124,10.767449928215242,False,True,False,False,False,False,False,True
MSME0249,Bihar,Patna,1,Manufacturing,5,Unknown,0,13.0,271014.08,294801.15,,0,0.08777060586667676,12.509926054231743,12.594056340239506,False,False,False,True,False,False,False,False
MSME0250,Uttar Pradesh,Kanpur,1,Services,19,Graduate,1,2.0,27692.37,35243.81,2023-03-13,0,0.27269027533576934,10.228912202968225,10.470045189983551,False,False,False,False,False,False,False,True
MSME0251,Uttar Pradesh,Agra,1,Services,12,Primary,0,13.0,28421.96,36447.74,2022-04-27,0,0.28237954032726803,10.254917364790321,10.50363473277107,False,True,False,False,False,False,False,True
MSME0252,Uttar Pradesh,Lucknow,0,Services,7,Primary,0,6.0,38272.05,37433.77,,0,-0.021903190448382202,10.552475143747577,10.530328517172935,False,True,False,False,False,False,False,True
MSME0253,Maharashtra,Nashik,1,Manufacturing,9,Graduate,0,5.0,86874.48,111830.84,,0,0.28726917271907704,11.372219597237669,11.624742651395257,False,False,False,False,False,True,False,False
MSME0254,Maharashtra,Nagpur,0,Manufacturing,6,Graduate,1,11.0,11651.76,11004.73,,0,-0.055530666611739395,9.363212520544849,9.306080459357002,False,False,False,False,False,True,False,False
MSME0255,Uttar Pradesh,Kanpur,0,Agri-Processing,17,Primary,1,7.0,52264.58,53098.97,2022-02-01,0,0.015964731755234603,10.864074173963985,10.879912809678434,False,True,False,False,False,False,False,True
MSME0256,Bihar,Patna,0,Manufacturing,16,Primary,1,3.0,18883.8,19962.84,2022-01-24,0,0.05714104152765868,9.846059690633604,9.901627824313104,False,True,False,False,False,False,False,False
MSME0257,Rajasthan,Jodhpur,1,Services,3,Primary,1,3.0,56535.17,,2023-09-23,1,,10.942618201351646,,False,True,False,False,False,False,True,False
MSME0258,Bihar,Patna,1,Retail,4,Graduate,0,10.0,24464.83,29883.18,,0,0.22147507258378651,10.104991854996854,10.305051059286752,False,False,False,False,False,False,False,False
MSME0259,Gujarat,Vadodara,1,Services,10,No formal education,1,2.0,5748.64,6391.02,2022-08-16,0,0.1117446909181998,8.656718584076588,8.762649159046106,True,False,False,False,True,False,False,False
MSME0260,Maharashtra,Nagpur,1,Manufacturing,5,Graduate,1,13.0,48808.61,62268.82,,0,0.2757753191496336,10.795662010704746,11.039216097951924,False,False,False,False,False,True,False,False
MSME0261,Rajasthan,Jaipur,0,Retail,10,Secondary,0,3.0,48480.45,47877.22,,0,-0.012442747540503356,10.788915902878335,10.776395096165038,False,False,True,False,False,False,True,False
MSME0262,Rajasthan,Jaipur,1,Retail,12,Secondary,1,10.0,22850.67,24782.97,2022-07-21,0,0.08456207192174248,10.0367357175555,10.11791200272268,False,False,True,False,False,False,True,False
MSME0263,Gujarat,Surat,0,Services,10,Unknown,0,1.0,21792.58,20584.54,2023-03-15,0,-0.05543354664752869,9.989324823866719,9.932295587585607,False,False,False,True,True,False,False,False
MSME0264,Gujarat,Vadodara,1,Services,13,Primary,1,5.0,12719.63,17465.31,,0,0.37309890303412935,9.450901748420733,9.767971906868691,False,True,False,False,True,False,False,False
MSME0265,Uttar Pradesh,Kanpur,0,Manufacturing,11,Primary,0,14.0,67405.37,62404.0,,0,-0.07419839101840099,11.11847996731713,11.04138465486714,False,True,False,False,False,False,False,True
MSME0266,Maharashtra,Nashik,0,Retail,16,No formal education,0,12.0,73553.82,83054.29,,0,0.12916351591256559,11.205772662138392,11.327249769336474,True,False,False,False,False,True,False,False
MSME0267,Maharashtra,Pune,1,Services,8,Secondary,1,5.0,17975.4,18324.5,,0,0.019420986459272035,9.796759435470996,9.815994241253001,False,False,True,False,False,True,False,False
MSME0268,Bihar,Gaya,1,Retail,8,Graduate,0,12.0,23577.6,28437.16,2022-12-22,0,0.20610918838219333,10.068052387740824,10.255452019577875,False,False,False,False,False,False,False,False
MSME0269,Uttar Pradesh,Kanpur,1,Manufacturing,8,Secondary,0,11.0,34522.57,40880.41,,0,0.18416473628701466,10.44936859202057,10.6184062541815,False,False,True,False,False,False,False,True
MSME0270,Uttar Pradesh,Lucknow,1,Retail,13,Secondary,0,7.0,223393.98,298552.9,,0,0.33644111627358986,12.316692218074209,12.606702415543772,False,False,True,False,False,False,False,True
MSME0271,Uttar Pradesh,Agra,1,Retail,2,No formal education,1,4.0,56167.71,60365.9,,0,0.07474383413530661,10.936097315601573,11.008179654957093,True,False,False,False,False,False,False,True
MSME0272,Uttar Pradesh,Lucknow,1,Retail,12,Primary,0,3.0,17073.24,17806.94,,0,0.042973682792486784,9.745267604455861,9.78734354793419,False,True,False,False,False,False,False,True
MSME0273,Maharashtra,Nashik,1,Manufacturing,10,No formal education,0,1.0,46305.88,52631.32,,0,0.1366012264533144,10.743024229850954,10.87106665878573,True,False,False,False,False,True,False,False
MSME0274,Maharashtra,Nagpur,1,Retail,12,Secondary,1,12.0,12072.03,16194.06,,0,0.34145292879490846,9.39864648553406,9.69239978731515,False,False,True,False,False,True,False,False
MSME0275,Uttar Pradesh,Agra,1,Manufacturing,11,Graduate,1,8.0,64498.18,67614.84,2022-01-07,0,0.04832167357280463,11.074392285331491,11.12158276456583,False,False,False,False,False,False,False,True
MSME0277,Rajasthan,Jaipur,1,Manufacturing,16,No formal education,1,3.0,139223.15,161063.55,,0,0.15687333607952408,11.843833320526166,11.989554286581853,True,False,False,False,False,False,True,False
MSME0278,Rajasthan,Jaipur,0,Manufacturing,17,Primary,1,13.0,65376.28,71583.91,,0,0.09495232827563765,11.087914780525455,11.178625607024873,False,True,False,False,False,False,True,False
MSME0279,Bihar,Patna,1,Services,2,Unknown,1,2.0,22771.62,,,1,,10.03327030277207,,False,False,False,True,False,False,False,False
MSME0280,Uttar Pradesh,Agra,1,Retail,18,Primary,0,11.0,12826.63,16001.37,2022-01-24,0,0.24751162230453375,9.459278757479588,9.680429622556307,False,True,False,False,False,False,False,True
MSME0281,Maharashtra,Nagpur,0,Manufacturing,12,Graduate,0,4.0,11847.07,10619.82,2023-11-18,0,-0.10359101448712636,9.379835858606164,9.27047734549975,False,False,False,False,False,True,False,False
MSME0282,Rajasthan,Jaipur,1,Retail,19,Graduate,0,3.0,3846.91,4359.11,,0,0.13314582353109375,8.255025507625499,8.380023187065667,False,False,False,False,False,False,True,False
MSME0283,Gujarat,Surat,1,Retail,18,Secondary,0,13.0,63264.82,78230.64,2023-05-25,0,0.23655832736108315,11.055084687444259,11.267416665650392,False,False,True,False,True,False,False,False
MSME0284,Gujarat,Vadodara,1,Manufacturing,17,Primary,0,1.0,33447.48,33897.06,2022-05-20,0,0.013441371367887638,10.417731726395582,10.431083563943936,False,True,False,False,True,False,False,False
MSME0285,Bihar,Patna,1,Manufacturing,6,Primary,0,3.0,75159.89,88002.76,,0,0.17087398611147508,11.227372989981893,11.385123456604878,False,True,False,False,False,False,False,False
MSME0286,Uttar Pradesh,Kanpur,1,Agri-Processing,15,No formal education,0,12.0,113825.88,146803.74,,0,0.2897219858963531,11.642425191339361,11.89685187167726,True,False,False,False,False,False,False,True
MSME0287,Rajasthan,Jodhpur,1,Manufacturing,3,Primary,0,7.0,39337.14,47381.68,2022-08-16,0,0.20450241171574754,10.57992438975786,10.765990935083313,False,True,False,False,False,False,True,False
MSME0288,Uttar Pradesh,Kanpur,0,Agri-Processing,6,Primary,0,8.0,40813.54,37872.41,,0,-0.07206260471402376,10.61676916808309,10.541978157635173,False,True,False,False,False,False,False,True
MSME0289,Rajasthan,Jodhpur,1,Retail,3,Secondary,1,6.0,25047.86,33179.71,2022-09-08,0,0.3246524852821757,10.128543673722017,10.409693823501296,False,False,True,False,False,False,True,False
MSME0290,Bihar,Gaya,1,Retail,1,Secondary,0,9.0,27532.78,33747.34,2022-03-21,0,0.2257149477822435,10.223132573786716,10.426656878379811,False,False,True,False,False,False,False,False
MSME0291,Bihar,Muzaffarpur,1,Retail,13,No formal education,0,8.0,65041.18,60881.7,,0,-0.06395148427503934,11.082775886738542,11.0166879159302,True,False,False,False,False,False,False,False
MSME0292,Gujarat,Surat,0,Retail,14,Primary,1,10.0,31586.97,34316.85,,0,0.08642424392083183,10.360499972766606,10.443391766172779,False,True,False,False,True,False,False,False
MSME0293,Uttar Pradesh,Agra,1,Manufacturing,13,No formal education,0,3.0,28135.68,30507.29,,0,0.08429190266593878,10.244793800759599,10.325720950429078,True,False,False,False,False,False,False,True
MSME0294,Gujarat,Surat,1,Services,4,No formal education,1,5.0,35787.23,41964.28,,0,0.1726048649196933,10.485346404844204,10.644574059214971,True,False,False,False,True,False,False,False
MSME0295,Uttar Pradesh,Agra,1,Retail,7,Graduate,1,7.0,73796.32,93420.27,2022-08-06,0,0.26592044156131356,11.209064144846643,11.444863624225333,False,False,False,False,False,False,False,True
MSME0296,Gujarat,Vadodara,0,Agri-Processing,10,No formal education,0,5.0,20865.88,19719.09,2023-06-04,0,-0.05496005919711993,9.945870568028917,9.88934248104724,True,False,False,False,True,False,False,False
MSME0297,Maharashtra,Pune,1,Services,7,Primary,1,8.0,34433.22,,,1,,10.446777075049885,,False,True,False,False,False,True,False,False
MSME0298,Maharashtra,Pune,1,Retail,15,No formal education,0,12.0,44188.61,58467.61,,0,0.32313756870831645,10.69622234254973,10.97622820467155,True,False,False,False,False,True,False,False
MSME0299,Maharashtra,Nashik,1,Retail,15,Graduate,0,5.0,91874.38,117960.01,2023-10-21,0,0.28392714051512496,11.428177488193048,11.678100947703708,False,False,False,False,False,True,False,False
MSME0300,Maharashtra,Nashik,0,Retail,4,Secondary,0,1.0,29988.3,29726.63,2022-04-10,0,-0.008725736370517777,10.308562584574513,10.29979855605218,False,False,True,False,False,True,False,False
MSME0301,Rajasthan,Jaipur,1,Retail,6,Primary,0,7.0,20450.06,25524.61,2023-05-09,0,0.24814352622926283,9.925741095451974,10.14739836377804,False,True,False,False,False,False,True,False
MSME0302,Maharashtra,Nashik,1,Retail,5,Secondary,1,4.0,24649.48,27299.81,2022-05-09,0,0.10752072660356331,10.11251108391364,10.214635021441872,False,False,True,False,False,True,False,False
MSME0303,Bihar,Muzaffarpur,0,Manufacturing,12,Secondary,0,6.0,84326.04,85143.75,,0,0.009697004626329025,11.342445993088306,11.35209628351437,False,False,True,False,False,False,False,False
MSME0304,Bihar,Muzaffarpur,0,Retail,1,Graduate,0,3.0,184728.83,182063.41,2022-05-04,0,-0.01442882521369287,12.126644244964716,12.112110311972856,False,False,False,False,False,False,False,False
MSME0305,Rajasthan,Jodhpur,1,Manufacturing,8,Unknown,0,11.0,12695.38,14119.44,,0,0.1121715143619176,9.4489934267353,9.555307850204095,False,False,False,True,False,False,True,False
MSME0306,Maharashtra,Nagpur,0,Agri-Processing,1,Graduate,0,5.0,15119.77,15663.03,,0,0.03593044074083139,9.623758437977614,9.659058437418716,False,False,False,False,False,True,False,False
MSME0307,Maharashtra,Nashik,1,Services,5,Graduate,0,2.0,31728.24,32079.14,,0,0.011059548213200536,10.364962415027488,10.37596125364106,False,False,False,False,False,True,False,False
MSME0309,Gujarat,Vadodara,1,Retail,3,Secondary,1,6.0,68157.44,80845.98,,0,0.18616514939528236,11.129575602112407,11.300301142062223,False,False,True,False,True,False,False,False
MSME0310,Uttar Pradesh,Kanpur,0,Manufacturing,15,Secondary,0,13.0,17802.49,21074.77,,0,0.1838102422750974,9.787093614137262,9.955831869405998,False,False,True,False,False,False,False,True
MSME0311,Gujarat,Surat,1,Manufacturing,5,Primary,0,12.0,15514.23,15758.32,2022-01-04,0,0.015733297753095073,9.64951294625999,9.665123758745024,False,True,False,False,True,False,False,False
MSME0312,Uttar Pradesh,Lucknow,1,Retail,14,Secondary,0,6.0,40557.25,,,1,,10.610469835177533,,False,False,True,False,False,False,False,True
MSME0313,Maharashtra,Nagpur,1,Retail,18,Secondary,0,5.0,29533.47,36103.69,2022-05-09,0,0.22246691634948418,10.29327947545386,10.494150355163749,False,False,True,False,False,True,False,False
MSME0314,Maharashtra,Nashik,0,Services,16,Secondary,1,6.0,76219.82,61915.5,2023-03-03,0,-0.1876719205057163,11.241376812840176,11.033525831204091,False,False,True,False,False,True,False,False
MSME0315,Gujarat,Rajkot,1,Services,6,Primary,0,11.0,53631.28,64207.97,2023-04-06,0,0.19721121703602829,10.889887758930639,11.069882625275092,False,True,False,False,True,False,False,False
MSME0316,Gujarat,Rajkot,1,Manufacturing,14,Secondary,0,7.0,56630.53,70857.97,2022-11-13,0,0.2512326831481182,10.944303518061053,11.168432729970714,False,False,True,False,True,False,False,False
MSME0317,Uttar Pradesh,Agra,1,Manufacturing,8,Graduate,0,12.0,33403.47,40675.23,,0,0.21769474847972387,10.416415065783939,10.613374586650231,False,False,False,False,False,False,False,True
MSME0318,Bihar,Patna,1,Manufacturing,7,No formal education,1,5.0,239058.65,272610.14,2022-06-17,0,0.14034836221153268,12.384464198298149,12.515797994911532,True,False,False,False,False,False,False,False
MSME0319,Uttar Pradesh,Kanpur,1,Retail,8,Graduate,0,1.0,18579.27,22078.16,2022-10-15,0,0.1883222537806921,9.82980172203731,10.002344163585283,False,False,False,False,False,False,False,True
MSME0320,Gujarat,Rajkot,0,Retail,13,Secondary,0,8.0,59198.29,60203.74,,0,0.01698444330064259,10.98864793531978,11.005489755613004,False,False,True,False,True,False,False,False
MSME0321,Gujarat,Surat,1,Retail,6,Graduate,1,4.0,13150.93,12568.51,,0,-0.04428736218655259,9.484247757538657,9.438949758361028,False,False,False,False,True,False,False,False
MSME0322,Rajasthan,Ajmer,1,Retail,18,Primary,0,9.0,15386.19,18036.19,,0,0.17223237201672398,9.641225632831233,9.800135573972069,False,True,False,False,False,False,True,False
MSME0323,Gujarat,Vadodara,0,Agri-Processing,2,Primary,1,14.0,22339.76,21519.74,2022-04-10,0,-0.0367067506544384,10.014123329503711,9.976725932418349,False,True,False,False,True,False,False,False
MSME0324,Rajasthan,Jaipur,1,Manufacturing,8,Graduate,1,10.0,133714.03,142933.0,,0,0.06894542031228885,11.803458694009425,11.870131267978348,False,False,False,False,False,False,True,False
MSME0325,Bihar,Gaya,1,Services,11,Primary,0,12.0,44851.64,64396.72,,0,0.4357718023242852,10.71111543315063,11.072817979118364,False,True,False,False,False,False,False,False
MSME0326,Uttar Pradesh,Kanpur,0,Retail,1,Graduate,0,6.0,22643.26,25479.59,,0,0.12526155686062881,10.027617514883994,10.145633018504832,False,False,False,False,False,False,False,True
MSME0327,Uttar Pradesh,Lucknow,1,Manufacturing,6,Primary,0,1.0,48998.7,49867.46,,0,0.017730266313187942,10.799549046128575,10.817123964818766,False,True,False,False,False,False,False,True
MSME0328,Rajasthan,Jaipur,1,Retail,16,Secondary,0,3.0,37351.12,44442.73,2022-12-11,0,0.189863382945411,10.528118176724494,10.701956673009866,False,False,True,False,False,False,True,False
MSME0329,Uttar Pradesh,Lucknow,1,Retail,12,Primary,1,3.0,24499.83,32282.76,,0,0.31767281650525725,10.106421457733235,10.382288620587545,False,True,False,False,False,False,False,True
MSME0330,Gujarat,Surat,1,Retail,11,Secondary,0,10.0,11881.01,11618.88,2023-12-25,0,-0.022062939093561995,9.382696606137927,9.360386640218348,False,False,True,False,True,False,False,False
MSME0331,Maharashtra,Pune,1,Services,10,Primary,0,12.0,114787.05,133021.33,2023-03-08,0,0.15885311104344946,11.650833951626606,11.798264770284893,False,True,False,False,False,True,False,False
MSME0332,Rajasthan,Jaipur,1,Services,3,No formal education,1,12.0,42952.69,50008.46,,0,0.16426840786921604,10.667854556417405,10.819947470097578,True,False,False,False,False,False,True,False
MSME0333,Uttar Pradesh,Lucknow,1,Manufacturing,13,Primary,0,4.0,206693.17,207402.81,2022-03-06,0,0.0034333016422360974,12.238990702066355,12.242418123383949,False,True,False,False,False,False,False,True
MSME0334,Rajasthan,Ajmer,1,Manufacturing,3,No formal education,0,7.0,77053.66,91974.96,2022-10-19,0,0.19364816674509688,11.25225734124242,11.429271645072092,True,False,False,False,False,False,True,False
MSME0335,Rajasthan,Jodhpur,0,Agri-Processing,15,Graduate,0,7.0,56446.91,62747.77,,0,0.11162453356614194,10.94105582937277,11.04687831851394,False,False,False,False,False,False,True,False
MSME0336,Maharashtra,Pune,0,Retail,16,Graduate,0,10.0,25638.14,,,1,,10.151836365501527,,False,False,False,False,False,True,False,False
MSME0337,Gujarat,Rajkot,1,Retail,13,Primary,1,4.0,15119.24,16953.56,,0,0.12132355859156951,9.623723383919955,9.738233120254014,False,True,False,False,True,False,False,False
MSME0338,Rajasthan,Ajmer,1,Retail,17,Secondary,0,6.0,30510.17,43864.14,,0,0.4376891377530837,10.325815349638818,10.688852408762177,False,False,True,False,False,False,True,False
MSME0339,Uttar Pradesh,Agra,0,Services,3,Primary,0,11.0,14773.14,11732.88,2022-05-12,0,-0.20579646574797236,9.600565946024826,9.37015043580804,False,True,False,False,False,False,False,True
MSME0340,Bihar,Gaya,1,Agri-Processing,11,Secondary,0,1.0,61092.98,72759.6,,0,0.1909649848476863,11.020152244941888,11.194916135090834,False,False,True,False,False,False,False,False
MSME0341,Rajasthan,Jaipur,1,Retail,19,Graduate,0,14.0,134070.63,132406.29,,0,-0.012413904521818063,11.806122029622383,11.793630428909466,False,False,False,False,False,False,True,False
MSME0342,Rajasthan,Ajmer,0,Agri-Processing,11,Graduate,0,8.0,29474.19,29739.99,,0,0.00901805952937139,10.291270244111933,10.30024788376661,False,False,False,False,False,False,True,False
MSME0343,Maharashtra,Nagpur,1,Services,16,Primary,0,7.0,77311.1,84267.61,,0,0.08998074015244893,11.25559282064429,11.341752847144324,False,True,False,False,False,True,False,False
MSME0344,Gujarat,Vadodara,0,Retail,3,Secondary,0,11.0,20923.26,21983.81,2023-03-03,0,0.05068760795401878,9.948616737778316,9.998061552335528,False,False,True,False,True,False,False,False
MSME0345,Bihar,Gaya,0,Manufacturing,6,Primary,1,11.0,28510.47,28148.72,2023-05-27,0,-0.01268832116762719,10.258026667214539,10.245257161841296,False,True,False,False,False,False,False,False
MSME0346,Uttar Pradesh,Agra,1,Manufacturing,14,Graduate,0,7.0,18921.02,19961.9,,0,0.05501183340010216,9.848028752357786,9.9015807357159,False,False,False,False,False,False,False,True
MSME0347,Bihar,Patna,1,Agri-Processing,18,No formal education,0,3.0,6591.22,7003.61,,0,0.0625665658254465,8.793493739345605,8.854181009388254,True,False,False,False,False,False,False,False
MSME0348,Uttar Pradesh,Agra,1,Retail,17,Secondary,0,2.0,35269.48,48397.94,,0,0.3722328766967927,10.470773279713416,10.787212529815465,False,False,True,False,False,False,False,True
MSME0349,Gujarat,Rajkot,0,Services,4,Secondary,1,1.0,40245.82,42030.82,,0,0.04435243212835519,10.60276142652215,10.646158437682747,False,False,True,False,True,False,False,False
MSME0350,Uttar Pradesh,Lucknow,0,Retail,15,Secondary,1,3.0,85194.21,70693.06,2022-07-03,0,-0.1702128583620883,11.352688752761695,11.166102685821837,False,False,True,False,False,False,False,True
MSME0351,Maharashtra,Pune,0,Services,11,No formal education,0,5.0,68620.77,72400.32,,0,0.05507880485747978,11.136350537567788,11.189965998253543,True,False,False,False,False,True,False,False
MSME0352,Maharashtra,Pune,1,Manufacturing,3,Graduate,1,14.0,69366.71,78218.75,,0,0.12761222205867906,11.147162348413085,11.267264667614185,False,False,False,False,False,True,False,False
MSME0353,Maharashtra,Nagpur,0,Manufacturing,3,No formal education,0,11.0,16660.09,16667.75,2022-11-13,0,0.0004597814297521715,9.720771317867106,9.721230993629765,True,False,False,False,False,True,False,False
MSME0354,Maharashtra,Pune,0,Services,16,Secondary,0,2.0,52449.07,56749.3,2023-06-17,0,0.08198867968488294,10.8675978824947,10.946398600465812,False,False,True,False,False,True,False,False
MSME0355,Bihar,Muzaffarpur,0,Services,5,Primary,0,12.0,128807.61,144048.48,2023-06-04,0,0.11832274506141376,11.76607517475794,11.877905188565299,False,True,False,False,False,False,False,False
MSME0356,Gujarat,Surat,0,Agri-Processing,10,Primary,0,3.0,49212.07,,,1,,10.803894197596344,,False,True,False,False,True,False,False,False
MSME0357,Uttar Pradesh,Agra,0,Retail,19,Secondary,1,4.0,156823.29,156356.87,,0,-0.0029741755832313733,11.962874909031752,11.959896301799137,False,False,True,False,False,False,False,True
MSME0358,Uttar Pradesh,Kanpur,0,Services,4,Primary,0,7.0,182621.85,172648.67,,0,-0.05461109938378125,12.115172900444286,12.059013999342188,False,True,False,False,False,False,False,True
MSME0359,Maharashtra,Nashik,1,Retail,19,No formal education,0,13.0,29296.56,35701.94,2023-01-22,0,0.21863932147665122,10.285225381969173,10.482960308027966,True,False,False,False,False,True,False,False
MSME0360,Maharashtra,Nashik,1,Manufacturing,11,No formal education,1,3.0,20794.59,23358.25,2023-12-07,0,0.12328495055685156,9.942448135704693,10.05870551975238,True,False,False,False,False,True,False,False
MSME0361,Rajasthan,Jaipur,1,Manufacturing,2,Primary,0,9.0,19748.45,22777.15,,0,0.15336393489109276,9.890830286236813,10.033513119428905,False,True,False,False,False,False,True,False
MSME0362,Gujarat,Surat,0,Manufacturing,10,Secondary,0,8.0,10797.73,10505.89,,0,-0.027027903087037754,9.287091205835123,9.259691331251593,False,False,True,False,True,False,False,False
MSME0364,Uttar Pradesh,Lucknow,0,Agri-Processing,16,No formal education,0,13.0,95428.48,111695.71,2023-06-27,0,0.17046514834984286,11.466132345379178,11.623533577873909,True,False,False,False,False,False,False,True
MSME0365,Rajasthan,Jodhpur,0,Retail,19,Primary,0,1.0,6227.75,7716.66,,0,0.2390767130986311,8.73677039085084,8.951136906915012,False,True,False,False,False,False,True,False
MSME0366,Rajasthan,Jodhpur,0,Services,11,No formal education,1,1.0,15835.94,16433.1,,0,0.03770916030245113,9.67003731938328,9.707052872478906,True,False,False,False,False,False,True,False
MSME0367,Uttar Pradesh,Lucknow,1,Manufacturing,14,No formal education,0,7.0,32803.64,37347.06,,0,0.13850353192511558,10.398294763824653,10.52800947260335,True,False,False,False,False,False,False,True
MSME0368,Bihar,Gaya,1,Retail,2,Secondary,0,1.0,18002.25,17399.2,,0,-0.033498590453970994,9.798252029066452,9.76417950713415,False,False,True,False,False,False,False,False
MSME0369,Rajasthan,Jaipur,1,Retail,5,Secondary,1,8.0,23817.39,25307.21,,0,0.062551774144858,10.07817126511745,10.13884461435361,False,False,True,False,False,False,True,False
MSME0370,Rajasthan,Ajmer,0,Agri-Processing,5,No formal education,1,3.0,24104.08,,,1,,10.09013639975584,,True,False,False,False,False,False,True,False
MSME0371,Gujarat,Rajkot,0,Agri-Processing,19,Primary,0,6.0,29553.81,,2023-12-12,1,,10.29396794853312,,False,True,False,False,True,False,False,False
MSME0373,Rajasthan,Jaipur,1,Agri-Processing,18,Graduate,0,11.0,18977.88,25262.78,,0,0.33116976184905783,9.851029369402742,10.137087445272423,False,False,False,False,False,False,True,False
MSME0374,Bihar,Patna,0,Retail,4,Graduate,0,5.0,76683.96,76904.74,,0,0.0028790897079389068,11.247447839018605,11.25032279208571,False,False,False,False,False,False,False,False
MSME0375,Uttar Pradesh,Kanpur,0,Manufacturing,17,No formal education,0,13.0,84096.76,85090.89,,0,0.011821263982108286,11.339723319654107,11.35147525830236,True,False,False,False,False,False,False,True
MSME0376,Maharashtra,Nashik,1,Services,10,Primary,0,14.0,12034.89,12907.04,,0,0.07246846460582536,9.395565210167094,9.4655281779239,False,True,False,False,False,True,False,False
MSME0377,Rajasthan,Jodhpur,0,Manufacturing,6,Unknown,1,13.0,3993.1,4463.3,2022-12-15,0,0.11775312413914009,8.292323150576326,8.403643681729326,False,False,False,True,False,False,True,False
MSME0378,Gujarat,Rajkot,1,Manufacturing,14,Graduate,0,7.0,85024.94,,2022-02-14,1,,11.350699904200345,,False,False,False,False,True,False,False,False
MSME0379,Uttar Pradesh,Lucknow,1,Manufacturing,11,Primary,1,2.0,13588.24,14812.54,2023-09-12,0,0.09009996879654769,9.516959991768001,9.603229398295781,False,True,False,False,False,False,False,True
MSME0380,Bihar,Muzaffarpur,0,Manufacturing,11,No formal education,0,6.0,43053.37,36247.71,2022-03-05,0,-0.15807496602472706,10.6701957878606,10.498131485873566,True,False,False,False,False,False,False,False
MSME0381,Uttar Pradesh,Kanpur,1,Manufacturing,18,No formal education,1,13.0,10378.2,11862.0,,0,0.14297276984448162,9.247462731277933,9.381095292398673,True,False,False,False,False,False,False,True
MSME0383,Bihar,Gaya,0,Manufacturing,11,Primary,1,11.0,277877.13,324687.75,,0,0.16845797997121964,12.534934316554258,12.690619230246513,False,True,False,False,False,False,False,False
MSME0384,Maharashtra,Nagpur,1,Manufacturing,12,No formal education,0,3.0,42034.48,57252.99,2023-09-24,0,0.36204825181612793,10.646245512849369,10.955235147126936,True,False,False,False,False,True,False,False
MSME0385,Uttar Pradesh,Agra,1,Manufacturing,5,Secondary,0,6.0,33681.97,33949.49,2023-05-15,0,0.007942528302234008,10.424717958332153,10.432629110782699,False,False,True,False,False,False,False,True
MSME0386,Rajasthan,Jodhpur,1,Retail,9,No formal education,0,10.0,28065.28,28653.31,2023-04-25,0,0.020952222817659488,10.24228850416601,10.263024247755759,True,False,False,False,False,False,True,False
MSME0387,Gujarat,Rajkot,1,Services,9,Secondary,1,10.0,67876.11,75900.65,,0,0.11822333365892644,11.125439410693678,11.23718052724692,False,False,True,False,True,False,False,False
MSME0388,Bihar,Patna,1,Retail,10,Primary,0,14.0,57190.86,60402.45,,0,0.05615565144500356,10.954149374390283,11.008784946014162,False,True,False,False,False,False,False,False
MSME0389,Uttar Pradesh,Agra,1,Manufacturing,19,No formal education,0,5.0,81048.15,95231.82,2022-05-17,0,0.1750030074714847,11.302798701486909,11.464069408629955,True,False,False,False,False,False,False,True
MSME0390,Uttar Pradesh,Lucknow,1,Services,1,Secondary,0,12.0,21975.13,24445.98,2023-06-27,0,0.11243847021610331,9.997666638349303,10.104221064207119,False,False,True,False,False,False,False,True
MSME0391,Maharashtra,Nashik,1,Manufacturing,7,Primary,0,2.0,47671.75,56360.46,,0,0.1822611924252833,10.772094258244579,10.9395231277962,False,True,False,False,False,True,False,False
MSME0392,Maharashtra,Nagpur,1,Retail,4,Graduate,0,9.0,23529.86,29808.82,,0,0.2668507164938507,10.066025531852453,10.302559601856444,False,False,False,False,False,True,False,False
MSME0393,Gujarat,Rajkot,0,Services,1,Secondary,0,8.0,15581.31,13923.11,,0,-0.10642237398524251,9.653827398046644,9.541305328474213,False,False,True,False,True,False,False,False
MSME0394,Gujarat,Rajkot,0,Manufacturing,15,Primary,1,3.0,35143.24,38640.74,2022-03-21,0,0.09952127350807724,10.467187560108787,10.56206243928179,False,True,False,False,True,False,False,False
MSME0395,Rajasthan,Jaipur,1,Services,8,Secondary,1,8.0,17361.14,18510.54,2022-10-21,0,0.06620532983433124,9.761989654261043,9.82609557856178,False,False,True,False,False,False,True,False
MSME0396,Rajasthan,Jodhpur,1,Services,12,Primary,1,7.0,92872.38,129749.73,,0,0.39707553526678213,11.438981571662529,11.773362720101115,False,True,False,False,False,False,True,False
MSME0397,Gujarat,Rajkot,0,Services,18,Graduate,0,9.0,18223.44,21177.41,,0,0.16209727691368925,9.810463956505433,9.960690326503263,False,False,False,False,True,False,False,False
MSME0398,Gujarat,Vadodara,0,Manufacturing,15,Primary,1,14.0,48573.66,48024.39,,0,-0.011307980498072495,10.790836687658238,10.779464285838234,False,True,False,False,True,False,False,False
MSME0399,Bihar,Muzaffarpur,0,Retail,17,Secondary,1,3.0,22409.99,20250.6,,0,-0.09635836517553122,10.017262120565512,9.915939701725366,False,False,True,False,False,False,False,False
MSME0400,Maharashtra,Nashik,0,Retail,14,No formal education,1,3.0,45326.64,40092.02,,0,-0.11548661008184155,10.721650218090355,10.598932590997272,True,False,False,False,False,True,False,False
MSME0401,Rajasthan,Jodhpur,1,Manufacturing,14,Primary,0,2.0,23880.15,29861.34,,0,0.25046701967952456,10.080802848893846,10.304319946174692,False,True,False,False,False,False,True,False
MSME0402,Maharashtra,Nashik,1,Manufacturing,18,Graduate,0,8.0,13282.88,15228.87,,0,0.14650361969693332,9.494231266987954,9.630948247470124,False,False,False,False,False,True,False,False
MSME0403,Maharashtra,Nagpur,1,Manufacturing,18,Graduate,1,10.0,53477.6,67199.4,,0,0.2565896749293161,10.887018153619517,11.115419597899953,False,False,False,False,False,True,False,False
MSME0404,Gujarat,Rajkot,1,Retail,16,Primary,0,1.0,30081.56,42219.05,2023-07-16,0,0.4034860559093345,10.311667638421133,10.650626819964883,False,True,False,False,True,False,False,False
MSME0405,Bihar,Patna,1,Retail,1,Primary,0,8.0,45651.33,48454.59,,0,0.0614058779886587,10.728788020319408,10.788382349673766,False,True,False,False,False,False,False,False
MSME0406,Uttar Pradesh,Kanpur,1,Manufacturing,11,Graduate,0,7.0,25768.95,25988.87,2022-04-12,0,0.008534301940901675,10.156925557763921,10.16542364842946,False,False,False,False,False,False,False,True
MSME0407,Bihar,Muzaffarpur,1,Retail,15,Graduate,1,14.0,12552.19,,2023-07-04,1,,9.43765043132826,,False,False,False,False,False,False,False,False
MSME0408,Bihar,Muzaffarpur,0,Services,12,No formal education,1,7.0,86382.72,96271.46,,0,0.11447590444014735,11.36654293478948,11.474927188336872,True,False,False,False,False,False,False,False
MSME0409,Maharashtra,Pune,0,Retail,8,Primary,1,3.0,65473.86,59316.3,2023-08-16,0,-0.09404608190199872,11.089406257998677,10.990639420739463,False,True,False,False,False,True,False,False
MSME0410,Bihar,Gaya,1,Manufacturing,6,Primary,0,1.0,23073.3,26626.16,2023-06-22,0,0.15398144175302192,10.046431383851012,10.189649470137782,False,True,False,False,False,False,False,False
MSME0411,Rajasthan,Ajmer,0,Agri-Processing,3,Graduate,0,4.0,38400.41,43661.43,,0,0.13700426636069762,10.555823415602152,10.684220382659639,False,False,False,False,False,False,True,False
MSME0412,Maharashtra,Pune,1,Retail,13,No formal education,0,9.0,83584.68,80426.78,2023-03-21,0,-0.03778084692075144,11.333615528691286,11.29510248428382,True,False,False,False,False,True,False,False
MSME0413,Rajasthan,Ajmer,0,Manufacturing,13,Primary,0,5.0,25194.21,25787.07,,0,0.023531597140771653,10.134369485195442,10.157628482494966,False,True,False,False,False,False,True,False
MSME0414,Uttar Pradesh,Kanpur,1,Retail,2,Secondary,0,1.0,28523.75,31030.65,,0,0.08788816337262813,10.258492352560634,10.34273070469322,False,False,True,False,False,False,False,True
MSME0415,Maharashtra,Nashik,0,Services,5,No formal education,0,5.0,44130.48,44678.39,,0,0.01241568185979387,10.694905979158893,10.7072452185142,True,False,False,False,False,True,False,False
MSME0416,Uttar Pradesh,Agra,0,Manufacturing,17,Primary,0,13.0,25152.87,26938.18,,0,0.07097838139345536,10.13272728432538,10.201299890146979,False,True,False,False,False,False,False,True
MSME0417,Maharashtra,Nashik,1,Manufacturing,6,Primary,0,8.0,72090.21,84734.33,,0,0.17539302493362127,11.185673530419766,11.347276111392022,False,True,False,False,False,True,False,False
MSME0418,Gujarat,Rajkot,1,Manufacturing,2,Primary,1,8.0,31725.61,32798.71,,0,0.0338244087347729,10.364879520136114,10.398144464330526,False,True,False,False,True,False,False,False
MSME0419,Bihar,Patna,1,Agri-Processing,4,Primary,0,5.0,19395.01,21186.27,,0,0.09235674536904091,9.872771095470737,9.961108609340315,False,True,False,False,False,False,False,False
MSME0420,Gujarat,Surat,1,Retail,11,Secondary,1,12.0,59095.56,77655.0,2022-06-17,0,0.31405811197998634,10.98691107366847,11.260031218004112,False,False,True,False,True,False,False,False
MSME0421,Uttar Pradesh,Kanpur,1,Retail,8,No formal education,0,9.0,14563.82,17299.3,,0,0.18782709481440993,9.586295649976982,9.758421317239499,True,False,False,False,False,False,False,True
MSME0422,Bihar,Patna,0,Agri-Processing,12,Secondary,0,1.0,182025.64,197321.61,,0,0.08403195286114622,12.11190283525728,12.192590214649478,False,False,True,False,False,False,False,False
MSME0423,Maharashtra,Pune,1,Manufacturing,8,Graduate,0,4.0,128797.55,151824.49,,0,0.17878399084454624,11.765997070732345,11.930480461629557,False,False,False,False,False,True,False,False
MSME0424,Bihar,Gaya,0,Agri-Processing,11,Secondary,0,3.0,54764.44,59195.52,,0,0.08091162805645405,10.910796357196572,10.988601142332874,False,False,True,False,False,False,False,False
MSME0425,Rajasthan,Jaipur,0,Manufacturing,8,No formal education,0,2.0,51198.46,49170.26,,0,-0.039614472779064,10.843464732450244,10.803044248169105,True,False,False,False,False,False,True,False
MSME0426,Bihar,Patna,1,Services,8,No formal education,1,8.0,49313.5,52357.93,2022-05-11,0,0.06173623855536517,10.805953156216585,10.86585868524693,True,False,False,False,False,False,False,False
MSME0427,Rajasthan,Jodhpur,1,Manufacturing,17,Primary,0,7.0,24556.31,30396.42,2022-02-23,0,0.23782522699868167,10.108724126673598,10.322080117301793,False,True,False,False,False,False,True,False
MSME0428,Bihar,Gaya,1,Services,16,Primary,0,9.0,46066.8,58949.28,,0,0.279647815780562,10.737847795999414,10.98443269215047,False,True,False,False,False,False,False,False
MSME0429,Rajasthan,Jodhpur,0,Agri-Processing,14,Unknown,0,2.0,17352.54,15766.03,,0,-0.09142811369401829,9.761494172354434,9.665612904446915,False,False,False,True,False,False,True,False
MSME0430,Uttar Pradesh,Agra,1,Manufacturing,11,Secondary,1,14.0,54342.11,58894.15,2022-11-27,0,0.08376634620922892,10.903054711817951,10.98349704382418,False,False,True,False,False,False,False,True
MSME0431,Gujarat,Rajkot,0,Retail,7,No formal education,1,14.0,72713.15,71526.28,,0,-0.016322632151130785,11.19427752749486,11.177820213598798,True,False,False,False,True,False,False,False
MSME0432,Maharashtra,Nagpur,0,Retail,16,No formal education,1,4.0,26836.85,31183.95,,0,0.16198249794592146,10.197531222052092,10.347658818359704,True,False,False,False,False,True,False,False
MSME0433,Bihar,Gaya,1,Retail,13,Primary,0,14.0,22559.66,27404.58,,0,0.21476032883474316,10.023918634576441,10.21846543169228,False,True,False,False,False,False,False,False
MSME0434,Gujarat,Vadodara,1,Retail,15,Secondary,1,6.0,13766.84,13735.59,2022-12-06,0,-0.0022699472064758508,9.530018081000783,9.527745553558741,False,False,True,False,True,False,False,False
MSME0435,Maharashtra,Nashik,0,Retail,16,No formal education,1,11.0,116583.63,115499.61,,0,-0.009298217940203132,11.666364148531148,11.657022432314907,True,False,False,False,False,True,False,False
MSME0436,Maharashtra,Nashik,0,Manufacturing,9,Secondary,0,3.0,24039.86,23448.78,2022-11-02,0,-0.024587497597739826,10.0874685650049,10.062573746934694,False,False,True,False,False,True,False,False
MSME0437,Rajasthan,Jaipur,1,Manufacturing,3,Primary,1,8.0,30977.26,31444.21,,0,0.015073960705369059,10.341008665901924,10.355970143430971,False,True,False,False,False,False,True,False
MSME0438,Uttar Pradesh,Lucknow,1,Manufacturing,19,Graduate,0,3.0,46171.8,52541.15,,0,0.13794892120298533,10.740124501095861,10.869351951085259,False,False,False,False,False,False,False,True
MSME0439,Uttar Pradesh,Kanpur,0,Services,5,Graduate,1,14.0,45513.58,44193.52,,0,-0.02900365121794429,10.725766021946718,10.696333450983188,False,False,False,False,False,False,False,True
MSME0440,Gujarat,Rajkot,1,Retail,10,Primary,1,12.0,65989.31,73143.36,,0,0.10841225647002527,11.097248038193085,11.2001766299427,False,True,False,False,True,False,False,False
MSME0441,Uttar Pradesh,Agra,0,Retail,17,Primary,0,13.0,26810.16,25717.96,,0,-0.040738287276166976,10.196536199134615,10.154944859498277,False,True,False,False,False,False,False,True
MSME0442,Bihar,Muzaffarpur,1,Retail,15,Primary,0,13.0,14604.22,19266.03,,0,0.3192097900469864,9.589065807027987,9.866098720463663,False,True,False,False,False,False,False,False
MSME0443,Uttar Pradesh,Kanpur,1,Manufacturing,8,Primary,1,2.0,12696.32,14069.74,2023-02-26,0,0.10817465218267971,9.44906746667752,9.55178167090429,False,True,False,False,False,False,False,True
MSME0444,Gujarat,Surat,0,Retail,15,Secondary,0,13.0,22847.47,22960.96,,0,0.004967289594865337,10.03659566809155,10.041550661406102,False,False,True,False,True,False,False,False
MSME0445,Uttar Pradesh,Kanpur,1,Retail,14,Graduate,0,13.0,16958.42,19387.58,2023-08-10,0,0.14324211807467935,9.738519744628839,9.872387933846365,False,False,False,False,False,False,False,True
MSME0446,Bihar,Patna,1,Manufacturing,7,Unknown,1,3.0,28484.25,31102.61,,0,0.09192308029876162,10.257106581920683,10.345047017475585,False,False,False,True,False,False,False,False
MSME0447,Rajasthan,Jaipur,1,Services,12,Graduate,0,11.0,103369.27,119819.78,,0,0.1591431379944929,11.54606300152734,11.693744059548767,False,False,False,False,False,False,True,False
MSME0448,Gujarat,Vadodara,1,Retail,17,Primary,0,6.0,26854.2,31084.15,,0,0.15751539796381947,10.198177512284968,10.344453321951256,False,True,False,False,True,False,False,False
MSME0449,Rajasthan,Jaipur,0,Services,17,No formal education,0,2.0,26846.19,27060.31,,0,0.007975805877854646,10.197879190426992,10.20582335768281,True,False,False,False,False,False,True,False
MSME0450,Rajasthan,Jaipur,1,Services,10,Secondary,0,8.0,35842.19,37676.89,2022-06-23,0,0.05118827839481898,10.486880970132752,10.53680218812893,False,False,True,False,False,False,True,False
MSME0451,Rajasthan,Ajmer,1,Services,19,Primary,0,1.0,26252.07,29567.59,2022-12-11,0,0.12629556450215165,10.175500122053565,10.29443410800328,False,True,False,False,False,False,True,False
MSME0452,Maharashtra,Pune,0,Agri-Processing,14,Secondary,0,7.0,34409.47,37025.69,,0,0.07603197608100332,10.446087096173633,10.51936727501907,False,False,True,False,False,True,False,False
MSME0453,Maharashtra,Nagpur,0,Retail,11,Primary,0,2.0,55976.96,54970.4,,0,-0.017981683892801567,10.9326954564859,10.91455013752461,False,True,False,False,False,True,False,False
MSME0454,Rajasthan,Jodhpur,1,Retail,2,No formal education,0,10.0,73703.15,86129.87,,0,0.1686050053491608,11.207800818105312,11.363611552435744,True,False,False,False,False,False,True,False
MSME0455,Gujarat,Surat,1,Agri-Processing,18,Graduate,1,12.0,81029.66,94740.63,,0,0.16920927472730357,11.30257053946917,11.458898226233973,False,False,False,False,True,False,False,False
MSME0456,Bihar,Muzaffarpur,0,Manufacturing,7,No formal education,0,6.0,188241.65,196098.76,,0,0.041739487515116955,12.145481788768693,12.186373688860009,True,False,False,False,False,False,False,False
MSME0457,Bihar,Muzaffarpur,0,Manufacturing,12,Graduate,0,12.0,57267.44,60466.69,,0,0.055865077957038066,10.95548750384751,11.009847913882531,False,False,False,False,False,False,False,False
MSME0458,Uttar Pradesh,Lucknow,1,Services,2,Graduate,1,2.0,216984.92,245187.03,,0,0.1299726727553232,12.287583137020283,12.40977658604974,False,False,False,False,False,False,False,True
MSME0459,Gujarat,Surat,1,Services,18,Secondary,0,2.0,19512.58,20394.48,,0,0.04519648349936286,9.878814664751221,9.923019554981412,False,False,True,False,True,False,False,False
MSME0460,Maharashtra,Nagpur,1,Agri-Processing,6,Secondary,0,10.0,193499.06,195404.59,,0,0.009847748097587651,12.173027933559037,12.182827508591282,False,False,True,False,False,True,False,False
MSME0461,Rajasthan,Jaipur,0,Agri-Processing,10,Secondary,0,13.0,26787.73,29513.88,,0,0.10176860823966799,10.195699225839233,10.292615940148083,False,False,True,False,False,False,True,False
MSME0462,Uttar Pradesh,Agra,0,Services,15,Graduate,1,8.0,28980.69,31212.92,2023-02-05,0,0.07702473612602045,10.274385025115041,10.348587390644873,False,False,False,False,False,False,False,True
MSME0463,Bihar,Patna,0,Retail,5,Primary,0,12.0,32994.69,35137.25,2022-12-22,0,0.06493650948076789,10.404101918410452,10.46701710028375,False,True,False,False,False,False,False,False
MSME0464,Maharashtra,Nagpur,0,Agri-Processing,3,Primary,0,2.0,30488.46,32961.69,,0,0.0811202008891234,10.325103530343313,10.403101256980772,False,True,False,False,False,True,False,False
MSME0465,Maharashtra,Nagpur,0,Retail,5,Secondary,1,7.0,38897.0,38268.59,,0,-0.016155744658971218,10.568672405809952,10.552384734260476,False,False,True,False,False,True,False,False
MSME0466,Rajasthan,Jodhpur,1,Retail,8,Primary,0,3.0,22833.35,24617.53,2022-05-17,0,0.07813921303707079,10.035977465508948,10.111214069766488,False,True,False,False,False,False,True,False
MSME0467,Bihar,Gaya,1,Agri-Processing,8,Primary,0,8.0,70542.44,73170.36,2023-06-16,0,0.037253035194132755,11.163969793495186,11.200545699915173,False,True,False,False,False,False,False,False
MSME0468,Gujarat,Vadodara,1,Retail,8,Primary,0,7.0,23335.52,23912.49,,0,0.024724968631511152,10.057731942258192,10.082156195557099,False,True,False,False,True,False,False,False
MSME0469,Maharashtra,Pune,1,Retail,12,Secondary,0,14.0,61358.46,79115.49,,0,0.2893982345710764,11.02448833794261,11.278663962649672,False,False,True,False,False,True,False,False
MSME0470,Rajasthan,Jaipur,0,Retail,8,Graduate,1,8.0,123275.74,,,1,,11.72217891391349,,False,False,False,False,False,False,True,False
MSME0471,Gujarat,Surat,1,Agri-Processing,11,Unknown,0,14.0,27291.16,34695.49,,0,0.2713087314720224,10.214318119211617,10.454364986306409,False,False,False,True,True,False,False,False
MSME0472,Bihar,Patna,1,Manufacturing,14,Graduate,0,7.0,68562.89,77373.78,,0,0.1285081477749844,11.135506705242065,11.256403242495871,False,False,False,False,False,False,False,False
MSME0473,Maharashtra,Nagpur,1,Services,8,Secondary,0,11.0,56802.03,60904.97,2023-12-11,0,0.07223227761402194,10.947327343507224,11.017070059563542,False,False,True,False,False,True,False,False
MSME0474,Gujarat,Rajkot,1,Retail,10,Graduate,1,6.0,220203.96,225521.46,,0,0.024148067091981452,12.302309486760238,12.326170599693963,False,False,False,False,True,False,False,False
MSME0475,Gujarat,Surat,1,Services,7,Secondary,0,13.0,24249.12,26246.33,,0,0.0823621640702839,10.096135607047387,10.175281448721698,False,False,True,False,True,False,False,False
MSME0476,Gujarat,Rajkot,1,Services,17,Secondary,0,7.0,68600.65,90079.34,2022-04-19,0,0.31309747065078836,11.136057288887745,11.408446116526072,False,False,True,False,True,False,False,False
MSME0477,Maharashtra,Pune,0,Retail,4,No formal education,0,5.0,9889.13,8816.94,,0,-0.10842106434034124,9.199191453103293,9.084430150028146,True,False,False,False,False,True,False,False
MSME0478,Maharashtra,Pune,1,Manufacturing,13,Graduate,0,7.0,24423.8,34032.75,,0,0.393425674956395,10.103313345714302,10.43507857527899,False,False,False,False,False,True,False,False
MSME0479,Uttar Pradesh,Agra,0,Retail,4,No formal education,0,1.0,48180.72,44130.62,,0,-0.08406059519243379,10.782714220017352,10.694909151564403,True,False,False,False,False,False,False,True
MSME0480,Bihar,Gaya,1,Agri-Processing,5,Graduate,0,1.0,110694.34,136845.24,,0,0.2362442379619409,11.614527988211629,11.8266059312552,False,False,False,False,False,False,False,False
MSME0481,Rajasthan,Jaipur,1,Services,4,Graduate,0,9.0,13619.44,15434.86,,0,0.13329622950723377,9.519253462852344,9.64438386660034,False,False,False,False,False,False,True,False
MSME0482,Gujarat,Surat,1,Agri-Processing,18,Primary,0,14.0,68109.54,75815.15,2022-04-25,0,0.11313554606300383,11.128872570431907,11.236053419733379,False,True,False,False,True,False,False,False
MSME0484,Rajasthan,Ajmer,0,Services,2,Secondary,1,13.0,10751.26,10645.47,2022-01-24,0,-0.009839776919170486,9.28277823598966,9.272889728537026,False,False,True,False,False,False,True,False
MSME0485,Uttar Pradesh,Kanpur,1,Services,11,Primary,0,5.0,41993.47,42698.84,,0,0.016797135364141028,10.645269408987353,10.66192703257136,False,True,False,False,False,False,False,True
MSME0486,Maharashtra,Nashik,1,Services,14,Graduate,1,3.0,142533.02,136349.74,,0,-0.0433813862921027,11.867328971146318,11.822978481414564,False,False,False,False,False,True,False,False
MSME0487,Gujarat,Rajkot,0,Agri-Processing,5,No formal education,0,5.0,14818.95,14996.18,,0,0.011959686752435196,9.603662046137655,9.615550780984618,True,False,False,False,True,False,False,False
MSME0488,Rajasthan,Jodhpur,1,Manufacturing,6,No formal education,0,3.0,33257.97,35816.39,2022-03-19,0,0.07692652317624912,10.412049716608845,10.486160888849678,True,False,False,False,False,False,True,False
MSME0489,Rajasthan,Ajmer,1,Retail,10,Graduate,0,9.0,16492.96,22161.59,,0,0.34369997865756063,9.710688902173883,10.006115889189774,False,False,False,False,False,False,True,False
MSME0490,Rajasthan,Jodhpur,0,Services,8,Secondary,0,9.0,24962.59,27458.91,,0,0.10000244365668785,10.125133583125683,10.22044598443362,False,False,True,False,False,False,True,False
MSME0491,Rajasthan,Jaipur,0,Services,14,Graduate,0,6.0,114203.37,133588.62,,0,0.16974323962594098,11.64573608540087,11.802520356815972,False,False,False,False,False,False,True,False
MSME0492,Rajasthan,Jodhpur,1,Manufacturing,3,Unknown,1,1.0,29225.02,31320.41,,0,0.07169849669906127,10.28278047068563,10.35202524069594,False,False,False,True,False,False,True,False
MSME0493,Uttar Pradesh,Lucknow,0,Retail,12,Secondary,0,7.0,111441.22,112958.36,,0,0.013613813631975667,11.621252555988882,11.634774534208079,False,False,True,False,False,False,False,True
MSME0494,Gujarat,Rajkot,0,Manufacturing,16,Secondary,1,7.0,88189.5,65077.94,,0,-0.2620670261198895,11.387243187289105,11.083340907482272,False,False,True,False,True,False,False,False
MSME0496,Maharashtra,Pune,0,Manufacturing,1,Secondary,1,10.0,24292.44,24531.72,,0,0.00984997801785257,10.097920469812427,10.107722253016952,False,False,True,False,False,True,False,False
MSME0497,Maharashtra,Nashik,1,Services,10,Secondary,0,10.0,17733.33,20707.48,2022-12-02,0,0.1677152570893339,9.783201198691684,9.938250266638317,False,False,True,False,False,True,False,False
MSME0498,Maharashtra,Nagpur,1,Services,10,Primary,1,4.0,17245.3,19748.07,,0,0.14512765797057753,9.755294921566394,9.890811044035221,False,True,False,False,False,True,False,False
MSME0499,Uttar Pradesh,Lucknow,1,Retail,2,Primary,0,8.0,48173.58,55768.53,,0,0.1576579942781914,10.782566016978919,10.928965010779088,False,True,False,False,False,False,False,True
MSME0500,Bihar,Muzaffarpur,1,Manufacturing,9,Secondary,1,6.0,35745.22,29953.67,,0,-0.16202306210452763,10.484171832888965,10.307407133599085,False,False,True,False,False,False,False,False
MSME0501,Gujarat,Surat,0,Retail,13,Primary,0,4.0,22051.05,22616.05,2022-08-22,0,0.02562236265393258,10.00111549878886,10.026415110195178,False,True,False,False,True,False,False,False
MSME0502,Rajasthan,Jodhpur,1,Retail,16,Secondary,1,4.0,10519.54,12682.31,,0,0.20559549181808315,9.26098975909994,9.447963388055216,False,False,True,False,False,False,True,False
MSME0503,Bihar,Gaya,0,Services,18,Unknown,0,2.0,39535.05,44824.95,2022-07-23,0,0.1338027901823823,10.584942899206391,10.710520183023743,False,False,False,True,False,False,False,False
MSME0504,Maharashtra,Nashik,0,Agri-Processing,19,Unknown,1,14.0,24943.24,25863.0,2023-05-15,0,0.03687411899977703,10.124358122584514,10.160568654878034,False,False,False,True,False,True,False,False
MSME0505,Bihar,Gaya,1,Manufacturing,12,Secondary,0,2.0,31062.66,35255.04,,0,0.13496526054111274,10.343761733731151,10.470363776743335,False,False,True,False,False,False,False,False
MSME0506,Gujarat,Surat,0,Services,8,Primary,1,12.0,46338.55,,2022-06-02,1,,10.743729507035006,,False,True,False,False,True,False,False,False
MSME0507,Rajasthan,Jodhpur,1,Agri-Processing,17,No formal education,1,14.0,4907.69,4313.4,,0,-0.12109363060829026,8.498558641651798,8.369481735217882,True,False,False,False,False,False,True,False
MSME0508,Rajasthan,Jaipur,1,Services,15,No formal education,1,4.0,10650.69,11617.57,,0,0.09078097287593566,9.273379957771267,9.360273886333708,True,False,False,False,False,False,True,False
MSME0510,Gujarat,Vadodara,1,Agri-Processing,15,Graduate,0,8.0,24214.61,27750.67,2022-12-02,0,0.14603002071889648,10.094711448988036,10.23101526302726,False,False,False,False,True,False,False,False
MSME0511,Maharashtra,Nashik,1,Manufacturing,15,No formal education,1,6.0,4846.7,4348.22,2022-09-01,0,-0.10284936142117308,8.486053339974843,8.377521844937146,True,False,False,False,False,True,False,False
MSME0512,Rajasthan,Jodhpur,1,Retail,7,Secondary,0,14.0,11384.95,14820.45,,0,0.30175802265271257,9.340047586744674,9.603763262761559,False,False,True,False,False,False,True,False
MSME0513,Bihar,Patna,1,Retail,13,Primary,0,4.0,265023.53,297163.43,,0,0.12127187348232801,12.487573893479373,12.602037535802438,False,True,False,False,False,False,False,False
MSME0515,Uttar Pradesh,Kanpur,1,Retail,9,Graduate,1,11.0,91785.74,107908.41,,0,0.17565549942725306,11.427212226851802,11.589038090748252,False,False,False,False,False,False,False,True
MSME0516,Gujarat,Rajkot,0,Retail,8,Primary,0,7.0,40010.39,,2023-06-21,1,,10.596894449366882,,False,True,False,False,True,False,False,False
MSME0517,Maharashtra,Nashik,1,Retail,18,Primary,1,8.0,24637.53,23057.67,,0,-0.06412412283211834,10.112026169116247,10.045753747954862,False,True,False,False,False,True,False,False
MSME0518,Uttar Pradesh,Lucknow,1,Services,13,No formal education,1,2.0,67531.97,78534.07,,0,0.1629169117974791,11.12035639436314,11.271287822353067,True,False,False,False,False,False,False,True
MSME0519,Rajasthan,Jaipur,1,Agri-Processing,16,No formal education,0,12.0,5391.15,6910.44,2023-06-24,0,0.2818118583233633,8.592513999215948,8.840788590566623,True,False,False,False,False,False,True,False
MSME0520,Gujarat,Rajkot,1,Retail,9,Primary,1,7.0,11465.46,13056.08,2023-07-03,0,0.1387314595314973,9.347094316597905,9.477009204636095,False,True,False,False,True,False,False,False
